path,bounding_box_p0,bounding_box_p1,surface_area,volume,diameter
['data' 'LabeledDB_new' 'Airplane' '61' 'original.ply'],[-0.47466201 -0.97523898 -0.211997  ],[0.60201001 0.98970902 0.119239  ],6.246197176681186,0.700764390990962,2.264941624242273
['data' 'LabeledDB_new' 'Airplane' '62' 'original.ply'],[-0.80097997 -0.153854   -0.93096101],[0.81147802 0.29155701 0.99852598],9.377676023201488,1.3857701841881107,2.5536898373365027
['data' 'LabeledDB_new' 'Airplane' '63' 'original.ply'],[-0.99471599 -0.124181   -0.84537101],[0.99978602 0.27794799 0.85272801],9.743527673189043,1.3619553700008462,2.650148346786223
['data' 'LabeledDB_new' 'Airplane' '64' 'original.ply'],[-0.76821101 -0.83962202 -0.14594799],[0.77170497 0.99999899 0.34488699],8.983313515334402,1.3904676607442563,2.4487681907224568
['data' 'LabeledDB_new' 'Airplane' '65' 'original.ply'],[-0.999663   -0.85610199 -0.148949  ],[0.69450301 0.86812001 0.213338  ],8.319111680786346,1.0582831866108602,2.444256909999814
['data' 'LabeledDB_new' 'Airplane' '66' 'original.ply'],[-0.99682301 -0.73800302 -0.10352   ],[0.68618202 0.73818803 0.21936999],7.009019506178073,0.8021998276931455,2.261836398126004
['data' 'LabeledDB_new' 'Airplane' '67' 'original.ply'],[-0.99839097 -0.81234097 -0.108847  ],[0.76922899 0.81213802 0.361909  ],8.936624910501877,1.351757739542602,2.4464307818460562
['data' 'LabeledDB_new' 'Airplane' '68' 'original.ply'],[-0.848046   -0.87846601 -0.098027  ],[0.55745697 0.89659202 0.300253  ],7.523206375762288,0.9936486019441747,2.298890294585752
['data' 'LabeledDB_new' 'Airplane' '69' 'original.ply'],[-0.61922801 -0.94339103 -0.109835  ],[0.80114901 0.95531398 0.267849  ],7.900882230309946,1.018567266426791,2.401082415899851
['data' 'LabeledDB_new' 'Airplane' '70' 'original.ply'],[-0.62754703 -0.98559302 -0.172914  ],[0.56033099 0.99884599 0.24910501],7.392099097988051,0.9948133614843078,2.350989668029431
['data' 'LabeledDB_new' 'Airplane' '71' 'original.ply'],[-0.83764899 -0.98194498 -0.123477  ],[0.77286297 0.99644798 0.31294799],9.50502659053504,1.3905484258874146,2.5880985753220997
['data' 'LabeledDB_new' 'Airplane' '72' 'original.ply'],[-0.80012    -0.98422498 -0.0927    ],[0.64798301 0.99471498 0.285447  ],8.32326981988303,1.083659219417183,2.481169242424983
['data' 'LabeledDB_new' 'Airplane' '73' 'original.ply'],[-0.89365298 -0.97231901 -0.121931  ],[0.68551803 0.98491299 0.27336699],8.97747402233991,1.2217886126703654,2.5457412769786982
['data' 'LabeledDB_new' 'Airplane' '74' 'original.ply'],[-0.76172298 -0.97458398 -0.128179  ],[0.60097301 0.98356402 0.26549599],7.9513872865203385,1.0504667530501128,2.417904869976403
['data' 'LabeledDB_new' 'Airplane' '75' 'original.ply'],[-0.99911302 -0.831949   -0.126864  ],[0.74962902 0.84124899 0.156793  ],7.793297809240302,0.829978015803292,2.4368322727861123
['data' 'LabeledDB_new' 'Airplane' '76' 'original.ply'],[-0.997913   -0.73194402 -0.12601601],[0.83532602 0.74372    0.328565  ],8.418818672035945,1.229752933397435,2.396871605120001
['data' 'LabeledDB_new' 'Airplane' '77' 'original.ply'],[-0.87261099 -0.112446   -0.99926299],[0.87496799 0.33892301 0.78739101],9.4351244055568,1.4093180196277284,2.539665089933022
['data' 'LabeledDB_new' 'Airplane' '78' 'original.ply'],[-0.99779302 -0.903584   -0.121189  ],[0.82673198 0.904432   0.482449  ],10.983020308837688,1.991263141085433,2.6385966273539774
['data' 'LabeledDB_new' 'Airplane' '79' 'original.ply'],[-0.89762503 -0.96610802 -0.103375  ],[0.679039   0.98601103 0.46487799],10.16615490208406,1.7489894663588235,2.572848562787715
['data' 'LabeledDB_new' 'Airplane' '80' 'original.ply'],[-0.91575402 -0.97575402 -0.113978  ],[0.63262099 0.94688803 0.42378199],9.687090013752655,1.6008958440686503,2.5265002355441526
['data' 'LabeledDB_new' 'Ant' '100' 'original.ply'],[-0.377489   -0.81231898 -0.52976799],[0.37869999 0.86901301 0.54171801],7.766348670618953,1.3622923731727656,2.132318291106251
['data' 'LabeledDB_new' 'Ant' '81' 'original.ply'],[-0.48686001 -0.97787702 -0.48428801],[0.41716501 0.84536099 0.241441  ],7.255013327032431,1.1961848475378807,2.160588040356008
['data' 'LabeledDB_new' 'Ant' '82' 'original.ply'],[-0.48761299 -0.86030197 -0.579611  ],[0.61847299 0.92207801 0.39406401],9.567785326463245,1.9195667177258577,2.312649486791146
['data' 'LabeledDB_new' 'Ant' '83' 'original.ply'],[-0.61159301 -0.94282401 -0.314417  ],[0.48783299 0.92787403 0.29950199],7.760219216226938,1.2626435398535492,2.2550266507916366
['data' 'LabeledDB_new' 'Ant' '84' 'original.ply'],[-0.43863001 -0.82299101 -0.45998499],[0.42824    0.92733902 0.487656  ],7.994949305175121,1.4378638371603722,2.170977263459189
['data' 'LabeledDB_new' 'Ant' '85' 'original.ply'],[-0.63033199 -0.81419802 -0.201516  ],[0.46254301 0.93533099 0.40810901],7.289634187111979,1.1656130915293816,2.151016077347741
['data' 'LabeledDB_new' 'Ant' '86' 'original.ply'],[-0.330663 -0.925771 -0.480266],[0.31010199 0.90053701 0.35527501],6.463149760101089,0.9777786816200467,2.1081056651610166
['data' 'LabeledDB_new' 'Ant' '87' 'original.ply'],[-0.56566799 -0.87576097 -0.54826599],[0.66233099 0.96299702 0.307246  ],9.76328057234339,1.931740026601376,2.370846515047995
['data' 'LabeledDB_new' 'Ant' '88' 'original.ply'],[-0.76044601 -0.84433103 -0.638264  ],[0.75040698 0.98123503 0.37488699],12.276916388599311,2.7944344948837534,2.5771773530161806
['data' 'LabeledDB_new' 'Ant' '89' 'original.ply'],[-0.54617202 -0.88876402 -0.209979  ],[0.48006299 0.91989797 0.42837101],7.331537611842453,1.1848492862838176,2.1752947524591684
['data' 'LabeledDB_new' 'Ant' '90' 'original.ply'],[-0.51492101 -0.88920599 -0.45636001],[0.60625899 0.91630399 0.38597399],8.97910433382232,1.7051381364450815,2.286140298231983
['data' 'LabeledDB_new' 'Ant' '91' 'original.ply'],[-0.56759799 -0.80226099 -0.492147  ],[0.59686899 0.970994   0.40660301],9.410349036040031,1.855826084357103,2.3039462185057906
['data' 'LabeledDB_new' 'Ant' '92' 'original.ply'],[-0.45601901 -0.91071099 -0.31230801],[0.50269401 0.99820697 0.26227501],6.955593198773295,1.0515469860689803,2.212067834999854
['data' 'LabeledDB_new' 'Ant' '93' 'original.ply'],[-0.78944302 -0.88670301 -0.224755  ],[0.75233698 0.95122999 0.491097  ],10.506125343473942,2.0285014843779745,2.5035030209726443
['data' 'LabeledDB_new' 'Ant' '94' 'original.ply'],[-0.92970002 -0.290205   -0.77712297],[0.79455  0.330704 0.716456],9.146565129359978,1.5990291767355218,2.3641794053200123
['data' 'LabeledDB_new' 'Ant' '95' 'original.ply'],[-0.66633201 -0.82165003 -0.22944801],[0.51441699 0.95625001 0.25301301],7.053373054568805,1.0128080786703093,2.1881191438863485
['data' 'LabeledDB_new' 'Ant' '96' 'original.ply'],[-0.76046199 -0.96573901 -0.33206201],[0.62312102 0.73051703 0.402383  ],9.21776689488458,1.7236770908571337,2.3088949669082166
['data' 'LabeledDB_new' 'Ant' '97' 'original.ply'],[-0.56225598 -0.88300699 -0.18466599],[0.49010399 0.82999498 0.211496  ],5.7964519561297445,0.7141591149480029,2.0490928630319454
['data' 'LabeledDB_new' 'Ant' '98' 'original.ply'],[-0.44565299 -0.95827198 -0.42872301],[0.392499   0.93863899 0.38128099],7.610623254347708,1.2878251126100562,2.2264043758527166
['data' 'LabeledDB_new' 'Ant' '99' 'original.ply'],[-0.58798999 -0.93640298 -0.47950301],[0.67311198 0.81604701 0.28520799],9.029028843060289,1.6900251488704692,2.290467642995404
['data' 'LabeledDB_new' 'Armadillo' '281' 'original.ply'],[-0.70611697 -0.684591   -0.471506  ],[0.54328698 0.64282799 0.65875202],9.14191465026338,1.8745131815174803,2.1448856836113
['data' 'LabeledDB_new' 'Armadillo' '282' 'original.ply'],[-0.40090999 -0.892775   -0.490459  ],[0.448975   0.72728401 0.48733899],7.583940200014695,1.346294681941489,2.0743636608200613
['data' 'LabeledDB_new' 'Armadillo' '283' 'original.ply'],[-0.47476    -0.951002   -0.47300401],[0.41338301 0.92768598 0.46067399],8.503745603931176,1.557882436751708,2.2781617856312595
['data' 'LabeledDB_new' 'Armadillo' '284' 'original.ply'],[-0.56030202 -0.84252501 -0.70154899],[0.59750199 0.596627   0.69585198],10.590489660162973,2.3284277071303583,2.3161170312151196
['data' 'LabeledDB_new' 'Armadillo' '285' 'original.ply'],[-0.47710499 -0.86975002 -0.78746903],[0.55666798 0.68065798 0.64269602],10.597150449753734,2.2922254935376465,2.349004816001143
['data' 'LabeledDB_new' 'Armadillo' '286' 'original.ply'],[-0.62711298 -0.65712398 -0.76235503],[0.71248603 0.66434503 0.55341703],10.543195049664988,2.3292304576969975,2.2960971153087866
['data' 'LabeledDB_new' 'Armadillo' '287' 'original.ply'],[-0.63016498 -0.64700699 -0.72964299],[0.68514699 0.83988798 0.71523201],12.009138983436529,2.825786461506423,2.4553138256876985
['data' 'LabeledDB_new' 'Armadillo' '288' 'original.ply'],[-0.66566598 -0.77881199 -0.628892  ],[0.79734999 0.68760598 0.77049702],12.48962125916561,3.0022393022953073,2.499817403294341
['data' 'LabeledDB_new' 'Armadillo' '289' 'original.ply'],[-0.928195   -0.88401002 -0.56693202],[0.867028   0.62945801 0.89740902],15.12412935883492,3.978633080860973,2.767256000957674
['data' 'LabeledDB_new' 'Armadillo' '290' 'original.ply'],[-0.68312699 -0.74813598 -0.59238899],[0.39190999 0.70642799 0.60940099],9.207518226645703,1.8792510654385224,2.171580068879264
['data' 'LabeledDB_new' 'Armadillo' '291' 'original.ply'],[-0.47343501 -0.98040003 -0.47274601],[0.46124399 0.906847   0.433274  ],8.641383258185302,1.598192277053343,2.2926400592858798
['data' 'LabeledDB_new' 'Armadillo' '292' 'original.ply'],[-0.698511   -0.67981797 -0.487378  ],[0.58212602 0.64549297 0.67856902],9.471279078334135,1.9788945641746893,2.180805527276128
['data' 'LabeledDB_new' 'Armadillo' '293' 'original.ply'],[-0.40590599 -0.89056402 -0.487903  ],[0.44767201 0.73643601 0.49389601],7.6484009745565835,1.3634944169999677,2.083183574122038
['data' 'LabeledDB_new' 'Armadillo' '294' 'original.ply'],[-0.31573999 -0.94628698 -0.475999  ],[0.37474501 0.90486997 0.44398701],7.232942287428045,1.1759225366509538,2.17943245994124
['data' 'LabeledDB_new' 'Armadillo' '295' 'original.ply'],[-0.57701099 -0.88827503 -0.50263703],[0.551512   0.51448101 0.62818599],8.890942045632954,1.7901408247105361,2.1260407645001758
['data' 'LabeledDB_new' 'Armadillo' '296' 'original.ply'],[-0.45333701 -0.86652499 -0.66138202],[0.42297301 0.73038101 0.616184  ],9.118162962204593,1.7878063809221132,2.2249051597651466
['data' 'LabeledDB_new' 'Armadillo' '297' 'original.ply'],[-0.61183298 -0.54466897 -0.79831499],[0.759547   0.59240901 0.51267898],9.69587846824924,2.0443193928842014,2.2118622387285884
['data' 'LabeledDB_new' 'Armadillo' '298' 'original.ply'],[-0.63471001 -0.66605997 -0.67781299],[0.68663299 0.826428   0.70980102],11.753199635822405,2.7364976833543846,2.4287734174695443
['data' 'LabeledDB_new' 'Armadillo' '299' 'original.ply'],[-0.684075   -0.77289402 -0.623182  ],[0.785519   0.706352   0.78919601],12.677535780091105,3.0703559623630134,2.5184691720659766
['data' 'LabeledDB_new' 'Armadillo' '300' 'original.ply'],[-0.91782498 -0.85888702 -0.56888902],[0.860955   0.57993799 0.88204002],14.455739348479057,3.7134397941805406,2.709145758052
['data' 'LabeledDB_new' 'Bearing' '341' 'original.ply'],[-0.231885   -0.23149399 -0.99838001],[0.23165201 0.231261   0.54238302],3.28340105727999,0.3304999317946013,1.6742041177320135
['data' 'LabeledDB_new' 'Bearing' '342' 'original.ply'],[-0.28538299 -0.28698701 -0.94166702],[0.28879699 0.28622201 0.96685898],5.0378937458768025,0.6281438891861215,2.07381839355756
['data' 'LabeledDB_new' 'Bearing' '343' 'original.ply'],[-0.27669901 -0.276398   -0.840792  ],[0.27640501 0.27577099 0.99768198],4.674845098046005,0.5614826140675852,1.9976989782728474
['data' 'LabeledDB_new' 'Bearing' '344' 'original.ply'],[-0.26240599 -0.82496703 -0.26254901],[0.264029   0.39987701 0.25959101],3.118427265818223,0.33667628379062314,1.431784523532197
['data' 'LabeledDB_new' 'Bearing' '345' 'original.ply'],[-0.26699099 -0.81901199 -0.26346901],[0.26615    0.40181801 0.26430401],3.1531461479542795,0.34351400639033497,1.4329024909680748
['data' 'LabeledDB_new' 'Bearing' '346' 'original.ply'],[-0.26744401 -0.40218601 -0.266745  ],[0.26587701 0.81787902 0.26504901],3.1662530604216137,0.34603109295582396,1.433804329605252
['data' 'LabeledDB_new' 'Bearing' '347' 'original.ply'],[-0.34036401 -0.34220901 -0.88212597],[0.33957499 0.34191701 0.94083101],5.903591627017487,0.8479738924719136,2.0624057808734046
['data' 'LabeledDB_new' 'Bearing' '348' 'original.ply'],[-0.077731   -0.50416899  0.71616203],[0.0773     0.50374001 0.87119299],0.6730976928382653,0.024224694667581956,1.031479404582068
['data' 'LabeledDB_new' 'Bearing' '349' 'original.ply'],[-0.145886   -0.99659902 -0.145886  ],[0.124      0.75801998 0.124     ],2.0398653380034735,0.1278037355696569,1.7956516230805017
['data' 'LabeledDB_new' 'Bearing' '350' 'original.ply'],[-0.14191601 -0.141449   -0.85696101],[0.143134   0.143601   0.99777299],2.2772747562457116,0.1507036389853647,1.8980372057165635
['data' 'LabeledDB_new' 'Bearing' '351' 'original.ply'],[-0.26150301 -0.26158699 -0.991175  ],[0.26113299 0.26305699 0.85059601],4.406095485903226,0.5050096190505755,1.9850743408999034
['data' 'LabeledDB_new' 'Bearing' '352' 'original.ply'],[-0.233216   -0.23148499 -0.99318999],[0.232391 0.231397 0.636527],3.457390798153036,0.35123839755569414,1.7569937675662957
['data' 'LabeledDB_new' 'Bearing' '353' 'original.ply'],[-0.826823 -0.190733 -0.190732],[0.998541   0.19164801 0.191649  ],3.084368557819357,0.26689602450991334,1.9037815469319048
['data' 'LabeledDB_new' 'Bearing' '354' 'original.ply'],[-0.17287201 -0.222799   -0.172553  ],[0.17271601 0.99545503 0.17246599],1.9211384091766326,0.14525782492481062,1.312483167486163
['data' 'LabeledDB_new' 'Bearing' '355' 'original.ply'],[-0.124472   -0.99414301 -0.123083  ],[0.12416    0.99491799 0.125549  ],2.10181262249803,0.12295951961984704,2.019900838920791
['data' 'LabeledDB_new' 'Bearing' '356' 'original.ply'],[-0.124505   -0.99427301 -0.123108  ],[0.124144   0.99491799 0.125541  ],2.102094067993619,0.12298437049606098,2.0200330365774692
['data' 'LabeledDB_new' 'Bearing' '357' 'original.ply'],[-0.988626 -0.06511  -0.132705],[0.98104  0.065125 0.135563],1.639711412805338,0.068815962168611,1.992112709067823
['data' 'LabeledDB_new' 'Bearing' '358' 'original.ply'],[-0.47442999 -0.99912602 -0.47397399],[0.47480801 0.24626701 0.47526401],6.530803110547591,1.1221648517126723,1.831149734865279
['data' 'LabeledDB_new' 'Bearing' '359' 'original.ply'],[-0.47646901 -0.250227   -0.474857  ],[0.47575301 0.99909401 0.477366  ],6.5719817932272395,1.1327939827753974,1.8369154626198883
['data' 'LabeledDB_new' 'Bearing' '360' 'original.ply'],[-0.019954   -0.018536    0.80833203],[0.018022   0.019193   0.99988598],0.031868776288166895,0.00027445782498503485,0.19889336298948396
['data' 'LabeledDB_new' 'Bird' '241' 'original.ply'],[-0.81724101 -0.19001    -0.99154198],[0.57289302 0.096359   0.99632299],7.4615058809234505,0.7913517271718792,2.4425574680923696
['data' 'LabeledDB_new' 'Bird' '242' 'original.ply'],[-0.90860897 -0.375195   -0.66133797],[0.90924197 0.42774901 0.63727099],9.726040645734592,1.8954918660534816,2.373960060527819
['data' 'LabeledDB_new' 'Bird' '243' 'original.ply'],[-0.99422097 -0.25122401 -0.28391501],[0.99827898 0.26043099 0.27986899],4.86255013801869,0.5747623246435682,2.1330024109764167
['data' 'LabeledDB_new' 'Bird' '244' 'original.ply'],[-0.97948098 -0.196637   -0.541803  ],[0.98767501 0.082153   0.380353  ],5.239072038473701,0.5057319582340076,2.190387697864447
['data' 'LabeledDB_new' 'Bird' '245' 'original.ply'],[-0.90572602 -0.36039901 -0.66175002],[0.909522 0.411998 0.594742],9.306894920027226,1.7617175834579222,2.3389088660097253
['data' 'LabeledDB_new' 'Bird' '246' 'original.ply'],[-0.97213697 -0.35036999 -0.34916699],[0.97714299 0.193331   0.30081299],5.3604263235283085,0.6888653249294742,2.125506321004905
['data' 'LabeledDB_new' 'Bird' '247' 'original.ply'],[-0.91203398 -0.34376901 -0.59118003],[0.93971401 0.384718   0.41394299],7.884855926063096,1.355885186688275,2.229335378905938
['data' 'LabeledDB_new' 'Bird' '248' 'original.ply'],[-0.76941198 -0.50585198 -0.72419697],[0.68453699 0.68733102 0.51725799],10.04224465848732,2.1537098382867383,2.253633448203482
['data' 'LabeledDB_new' 'Bird' '249' 'original.ply'],[-0.99546403 -0.31703001 -0.51594299],[0.96847701 0.076347   0.445595  ],6.07844022741506,0.7428546911617724,2.2217932339825652
['data' 'LabeledDB_new' 'Bird' '250' 'original.ply'],[-0.59697801 -0.943793   -0.115959  ],[0.75774997 0.97080702 0.068393  ],6.392938764212142,0.47816526011856775,2.3526510124690145
['data' 'LabeledDB_new' 'Bird' '251' 'original.ply'],[-0.99422097 -0.25122401 -0.28391501],[0.99827898 0.26043099 0.27986899],4.86255013801869,0.5747623246435682,2.1330024109764167
['data' 'LabeledDB_new' 'Bird' '252' 'original.ply'],[-0.87319899 -0.48338899 -0.622096  ],[0.86327302 0.28674901 0.444213  ],8.020287790078397,1.4259996358571636,2.17840824225303
['data' 'LabeledDB_new' 'Bird' '253' 'original.ply'],[-0.920349   -0.17476    -0.69052398],[0.91323602 0.31705901 0.89932901],9.197685043300725,1.433716658232491,2.476197185874808
['data' 'LabeledDB_new' 'Bird' '254' 'original.ply'],[-0.13471401 -0.99703699 -0.53518403],[0.075077   0.997805   0.41689301],5.034960689660032,0.39844414785840354,2.2203282449469497
['data' 'LabeledDB_new' 'Bird' '255' 'original.ply'],[-0.96463001 -0.30213001 -0.511554  ],[0.97691101 0.22517    0.55328   ],7.30536094888719,1.0901500086169738,2.2762904621042437
['data' 'LabeledDB_new' 'Bird' '256' 'original.ply'],[-0.76909602 -0.587246   -0.77253002],[0.94102699 0.45618299 0.86396402],12.58112666820325,2.920146730911105,2.586769699799356
['data' 'LabeledDB_new' 'Bird' '257' 'original.ply'],[-0.961106   -0.19041701 -0.57042402],[0.95278698 0.082656   0.38480699],5.223380512283227,0.4992347888360448,2.1563908525080233
['data' 'LabeledDB_new' 'Bird' '258' 'original.ply'],[-0.65438902 -0.65957999 -0.62718701],[0.74253601 0.74567902 0.63092601],10.9770114850771,2.4697280730601423,2.3471260782660686
['data' 'LabeledDB_new' 'Bird' '259' 'original.ply'],[-0.89837003 -0.314132   -0.73954701],[0.90392601 0.28799599 0.88372898],9.9765134775163,1.7616000661581301,2.499170684173771
['data' 'LabeledDB_new' 'Bird' '260' 'original.ply'],[-0.487526 -0.451159 -0.661174],[0.450508   0.65925199 0.66150302],7.502068722653711,1.3777046905022692,1.9652976450835813
['data' 'LabeledDB_new' 'Bust' '301' 'original.ply'],[-0.50410998 -0.943762   -0.42412999],[0.469789 0.941315 0.414572],8.467406823736232,1.539751654142971,2.2815379781165857
['data' 'LabeledDB_new' 'Bust' '302' 'original.ply'],[-0.70243597 -0.76488101 -0.50719899],[0.70008898 0.97979999 0.49800301],11.221072659237834,2.4596876974769506,2.4538579983033983
['data' 'LabeledDB_new' 'Bust' '303' 'original.ply'],[-0.67344499 -0.80411398 -0.53799999],[0.492645   0.54216301 0.433348  ],8.020525462530745,1.5248998960909437,2.028729778827175
['data' 'LabeledDB_new' 'Bust' '304' 'original.ply'],[-0.957968   -0.53179199 -0.37162301],[0.97522801 0.50701702 0.39817199],8.592112025862313,1.5459188051805264,2.325716081232337
['data' 'LabeledDB_new' 'Bust' '305' 'original.ply'],[-0.768354   -0.90440798 -0.66078299],[0.84122002 0.80998999 0.57259798],13.718348463280556,3.403453653836726,2.6553940460391536
['data' 'LabeledDB_new' 'Bust' '306' 'original.ply'],[-0.555583   -0.68275201 -0.50810897],[0.69060898 0.99804002 0.50453502],10.11716465401998,2.121073525210863,2.324543861487478
['data' 'LabeledDB_new' 'Bust' '307' 'original.ply'],[-0.912588   -0.85124701 -0.83898598],[0.901272   0.812482   0.86570299],17.891958241961213,5.144361786226933,2.9940018025669137
['data' 'LabeledDB_new' 'Bust' '308' 'original.ply'],[-0.95658201 -0.92250001 -0.77053797],[0.76792598 0.91883397 0.75375402],17.22155905988153,4.840229422578636,2.9475251859690674
['data' 'LabeledDB_new' 'Bust' '309' 'original.ply'],[-0.55834198 -0.57266301 -0.87581599],[0.577043   0.57749403 0.535348  ],9.062291184102826,1.842798150452211,2.145540501617369
['data' 'LabeledDB_new' 'Bust' '310' 'original.ply'],[-0.99869502 -0.92189902 -0.62884098],[0.843467   0.92461801 0.65552503],16.278395017231446,4.368878262030759,2.9073668607552037
['data' 'LabeledDB_new' 'Bust' '311' 'original.ply'],[-0.57319099 -0.78905499 -0.68158102],[0.50686401 0.98529202 0.621898  ],11.274090942456489,2.4979772196599392,2.4523220927297356
['data' 'LabeledDB_new' 'Bust' '312' 'original.ply'],[-0.72004801 -0.71213001 -0.59381098],[0.93258202 0.78227103 0.53192002],12.024804876691768,2.7802088611351863,2.4963354634538106
['data' 'LabeledDB_new' 'Bust' '313' 'original.ply'],[-0.600833   -0.88161999 -0.64497799],[0.73341298 0.79334998 0.70033997],12.566348428032576,3.0065461066734716,2.528955743355507
['data' 'LabeledDB_new' 'Bust' '314' 'original.ply'],[-0.73618799 -0.57850403 -0.39896101],[0.73131698 0.99258202 0.411304  ],9.53528114191981,1.8681280330053012,2.2974794041149273
['data' 'LabeledDB_new' 'Bust' '315' 'original.ply'],[-0.530406   -0.86550701 -0.68100101],[0.61504    0.71820402 0.69478899],11.137604834451565,2.495759369808345,2.3901851997539323
['data' 'LabeledDB_new' 'Bust' '316' 'original.ply'],[-0.51432103 -0.89464903 -0.636235  ],[0.65463197 0.724172   0.76638502],11.605026699413678,2.654213900809968,2.440158917760655
['data' 'LabeledDB_new' 'Bust' '317' 'original.ply'],[-0.51667303 -0.98637402 -0.72542399],[0.54457402 0.81339198 0.62363899],11.539366318523655,2.5767053849819104,2.487041192686406
['data' 'LabeledDB_new' 'Bust' '318' 'original.ply'],[-0.52065498 -0.74732298 -0.760535  ],[0.519813   0.684717   0.71630901],10.283000610941883,2.200485376830769,2.3052939819936555
['data' 'LabeledDB_new' 'Bust' '319' 'original.ply'],[-0.984869   -0.52759898 -0.55984998],[0.95716798 0.55290103 0.63688397],11.431087232287865,2.5111917908231245,2.524115700917563
['data' 'LabeledDB_new' 'Bust' '320' 'original.ply'],[-0.89079499 -0.77466798 -0.695207  ],[0.85823202 0.95558101 0.62263298],15.222762473225046,3.988116165467631,2.790978191870002
['data' 'LabeledDB_new' 'Chair' '101' 'original.ply'],[-0.49351901 -0.82199597 -0.37485799],[0.307603   0.82740003 0.38848501],6.3839064534456895,1.0086565943533243,1.9862014480583863
['data' 'LabeledDB_new' 'Chair' '102' 'original.ply'],[-0.60979199 -0.75960398 -0.67710799],[0.588386   0.81096101 0.56908101],10.664386882406845,2.345098897345942,2.335656630561466
['data' 'LabeledDB_new' 'Chair' '103' 'original.ply'],[-0.489907   -0.81743002 -0.44753599],[0.34792101 0.84290099 0.41928899],7.113076964342632,1.205815815179965,2.051838296310003
['data' 'LabeledDB_new' 'Chair' '104' 'original.ply'],[-0.33467901 -0.39115801 -0.87767899],[0.347536   0.27303299 0.831891  ],5.509792772668607,0.7746421862792151,1.9568332991697492
['data' 'LabeledDB_new' 'Chair' '105' 'original.ply'],[-0.327021   -0.39616501 -0.87896699],[0.33579099 0.24871799 0.781982  ],5.1989017721251685,0.7099497121467431,1.9010379759164948
['data' 'LabeledDB_new' 'Chair' '106' 'original.ply'],[-0.61184698 -0.46990499 -0.85921597],[0.44186401 0.47552499 0.68309599],8.159018040851088,1.5364665542711302,2.093530729578457
['data' 'LabeledDB_new' 'Chair' '107' 'original.ply'],[-0.58072603 -0.89656502 -0.48508701],[0.49727499 0.877841   0.62122601],10.136933087685524,2.1161682663038412,2.3525584820639867
['data' 'LabeledDB_new' 'Chair' '108' 'original.ply'],[-0.608087 -0.894292 -0.586326],[0.50254297 0.889588   0.50204903],10.263085956738514,2.1563219132765004,2.3664925504002663
['data' 'LabeledDB_new' 'Chair' '109' 'original.ply'],[-0.42874101 -0.767079   -0.37123299],[0.42809701 0.62237698 0.50462198],6.31593291429159,1.0427392384305025,1.8525337296018791
['data' 'LabeledDB_new' 'Chair' '110' 'original.ply'],[-0.325901   -0.87634897 -0.420497  ],[0.34472999 0.76413798 0.31437001],5.5970514421723045,0.8084723099805062,1.9185861710229466
['data' 'LabeledDB_new' 'Chair' '111' 'original.ply'],[-0.33046001 -0.87652302 -0.41781101],[0.351096   0.79068899 0.329557  ],5.783384911308952,0.8492330531403457,1.9500444679147482
['data' 'LabeledDB_new' 'Chair' '112' 'original.ply'],[-0.392046   -0.78152102 -0.54686999],[0.393354   0.646043   0.44915101],6.650734879180698,1.1167475028005451,1.9096727593391742
['data' 'LabeledDB_new' 'Chair' '113' 'original.ply'],[-0.461941   -0.85719597 -0.45169401],[0.35103899 0.61956    0.47421899],6.641338772129057,1.1116262186856671,1.9232939410511523
['data' 'LabeledDB_new' 'Chair' '114' 'original.ply'],[-0.30763999 -0.86851501 -0.30027601],[0.302145   0.55676901 0.39789799],4.5798981682703825,0.6067947578270683,1.7002115248699063
['data' 'LabeledDB_new' 'Chair' '115' 'original.ply'],[-0.451947   -0.85994297 -0.45729601],[0.37566599 0.64339203 0.48373601],6.875352576754402,1.170812828769356,1.957166486956369
['data' 'LabeledDB_new' 'Chair' '116' 'original.ply'],[-0.48818099 -0.79166502 -0.439567  ],[0.48742899 0.84820098 0.60639101],8.6710954060747,1.6733964719331467,2.176006317082528
['data' 'LabeledDB_new' 'Chair' '117' 'original.ply'],[-0.46775401 -0.852238   -0.410997  ],[0.47415    0.74420601 0.55845702],7.929017409682157,1.4577651143908859,2.0918072898406055
['data' 'LabeledDB_new' 'Chair' '118' 'original.ply'],[-0.313631   -0.83182698 -0.39066601],[0.46566001 0.80572701 0.39838099],6.366270782768634,1.0069274139354984,1.9777443493123443
['data' 'LabeledDB_new' 'Chair' '119' 'original.ply'],[-0.44381201 -0.87590402 -0.37965   ],[0.4447     0.74465501 0.54154903],7.502479958664928,1.3264217393356388,2.065011582110504
['data' 'LabeledDB_new' 'Chair' '120' 'original.ply'],[-0.38085601 -0.91972601 -0.30974901],[0.390663   0.77845901 0.44059801],6.3266341577600045,0.9830911739900141,2.010496109930325
['data' 'LabeledDB_new' 'Cup' '21' 'original.ply'],[-0.958498 -0.565449 -0.614474],[0.70416403 0.52352703 0.62039202],10.417006860431883,2.235847295797843,2.3399162170411474
['data' 'LabeledDB_new' 'Cup' '22' 'original.ply'],[-0.82089698 -0.59836298 -0.68775803],[0.93945801 0.71009803 0.69389701],13.086801940555922,3.1824432496583066,2.5922751723626956
['data' 'LabeledDB_new' 'Cup' '23' 'original.ply'],[-0.98817301 -0.577739   -0.71420699],[0.786336 0.44876  0.716959],11.660478303377474,2.6069142713357287,2.5001637025992123
['data' 'LabeledDB_new' 'Cup' '24' 'original.ply'],[-0.83895802 -0.63128901 -0.70098197],[0.943793   0.69964802 0.70248997],13.48540636100897,3.3300590786360784,2.630461573619505
['data' 'LabeledDB_new' 'Cup' '25' 'original.ply'],[-0.58551699 -0.88570702 -0.57135099],[0.57917202 0.82107502 0.57645798],10.567541001787355,2.281695334800514,2.3636985528243786
['data' 'LabeledDB_new' 'Cup' '26' 'original.ply'],[-0.64336801 -0.520257   -0.77103299],[0.91259199 0.523004   0.71578097],10.975660866255502,2.4135040275507413,2.3916564920025865
['data' 'LabeledDB_new' 'Cup' '27' 'original.ply'],[-0.64240402 -0.54915297 -0.66210902],[0.86370999 0.55448103 0.70345497],10.451953042072915,2.2698385839062984,2.313255803399389
['data' 'LabeledDB_new' 'Cup' '28' 'original.ply'],[-0.95955801 -0.58228201 -0.62132698],[0.727063   0.51990402 0.62940001],10.69401271100056,2.3250640993494,2.371459990695906
['data' 'LabeledDB_new' 'Cup' '29' 'original.ply'],[-0.624264   -0.50029403 -0.650657  ],[0.93590599 0.490971   0.640459  ],9.681481069204207,1.9967650612154348,2.254710024231798
['data' 'LabeledDB_new' 'Cup' '30' 'original.ply'],[-0.54237902 -0.92833298 -0.54100198],[0.54902703 0.51838797 0.55069798],8.69966629318867,1.723750567751492,2.1156506062567395
['data' 'LabeledDB_new' 'Cup' '31' 'original.ply'],[-0.963292   -0.89607    -0.64375901],[0.79341501 0.66949999 0.648166  ],14.084761122251969,3.5531139149195083,2.684417848002714
['data' 'LabeledDB_new' 'Cup' '32' 'original.ply'],[-0.61933202 -0.62852901 -0.53199297],[0.85330999 0.70440799 0.53494799],9.912652373311708,2.0943400475042226,2.254719171931136
['data' 'LabeledDB_new' 'Cup' '33' 'original.ply'],[-0.74123597 -0.615942   -0.67457402],[0.97116601 0.65071797 0.67269999],12.365287595649662,2.9222791600569837,2.520296669071954
['data' 'LabeledDB_new' 'Cup' '34' 'original.ply'],[-0.62625301 -0.872109   -0.793881  ],[0.629673   0.70144898 0.76441801],12.770908942219279,3.0796233007653675,2.5459243180615103
['data' 'LabeledDB_new' 'Cup' '35' 'original.ply'],[-0.49857801 -0.88175499 -0.475519  ],[0.50088602 0.653413   0.47873601],7.906061036148859,1.464156597360622,2.0654955227114775
['data' 'LabeledDB_new' 'Cup' '36' 'original.ply'],[-0.763991   -0.75379503 -0.63109499],[0.653126   0.86456001 0.71794897],12.776767327923125,3.093895315668484,2.539136316326737
['data' 'LabeledDB_new' 'Cup' '37' 'original.ply'],[-0.68779802 -0.67180198 -0.72318298],[0.66157699 0.676916   0.999318  ],12.934788357236236,3.134824916563214,2.5703818300063666
['data' 'LabeledDB_new' 'Cup' '38' 'original.ply'],[-0.90279001 -0.68393803 -0.608823  ],[0.80738503 0.61774302 0.62186003],11.865485171224918,2.7396264735834075,2.4766212689839184
['data' 'LabeledDB_new' 'Cup' '39' 'original.ply'],[-0.760185   -0.498521   -0.65945101],[0.90882701 0.62031502 0.62205499],10.87998944883067,2.393021190200819,2.3832022055164894
['data' 'LabeledDB_new' 'Cup' '40' 'original.ply'],[-0.514777   -0.92415297 -0.51214898],[0.51786202 0.92191797 0.51444602],9.72318831484587,1.9570236080877004,2.3512164045507746
['data' 'LabeledDB_new' 'Fish' '221' 'original.ply'],[-0.94008398 -0.30112901 -0.49203101],[0.84268701 0.29648399 0.57190597],7.195971382940153,1.1335260456311427,2.160410981232695
['data' 'LabeledDB_new' 'Fish' '222' 'original.ply'],[-0.859245   -0.25474101 -0.24972001],[0.95213801 0.28149301 0.43338001],5.1499648462636785,0.6635122550665923,2.008800876395299
['data' 'LabeledDB_new' 'Fish' '223' 'original.ply'],[-0.80936998 -0.364122   -0.46480301],[0.96094698 0.424418   0.36275601],7.027141832961405,1.1552440491566676,2.1072900636176457
['data' 'LabeledDB_new' 'Fish' '224' 'original.ply'],[-0.83996898 -0.228352   -0.40005699],[0.979541   0.29079399 0.22116999],4.794854957266201,0.5868055982074283,1.9914949384278624
['data' 'LabeledDB_new' 'Fish' '225' 'original.ply'],[-0.812895   -0.28043801 -0.51563799],[0.97680002 0.33621401 0.36526   ],6.446730652522092,0.9721758015716824,2.0878815265090216
['data' 'LabeledDB_new' 'Fish' '226' 'original.ply'],[-0.91749001 -0.27020001 -0.237113  ],[0.92662799 0.28842199 0.37978101],5.024801592883563,0.6355025463851326,2.023212285413506
['data' 'LabeledDB_new' 'Fish' '227' 'original.ply'],[-0.91749001 -0.27020001 -0.237113  ],[0.92662799 0.28842199 0.37978101],5.024801592883563,0.6355025463851326,2.023212285413506
['data' 'LabeledDB_new' 'Fish' '228' 'original.ply'],[-0.26196    -0.83551902 -0.34877199],[0.26579401 0.95674098 0.439248  ],5.548179584875349,0.7453663505593309,2.0277316554256006
['data' 'LabeledDB_new' 'Fish' '229' 'original.ply'],[-0.27669799 -0.243222   -0.951464  ],[0.287678   0.43098301 0.923361  ],5.405255498529854,0.7133805150776494,2.070758662424751
['data' 'LabeledDB_new' 'Fish' '230' 'original.ply'],[-0.94691002 -0.49532899 -0.31258801],[0.84376597 0.58611399 0.314026  ],7.472447931226428,1.2134467862447278,2.1837317973059363
['data' 'LabeledDB_new' 'Fish' '231' 'original.ply'],[-0.815943   -0.316728   -0.45187899],[0.97258002 0.37073901 0.28534299],6.10980970990366,0.9064517129158883,2.053027455285472
['data' 'LabeledDB_new' 'Fish' '232' 'original.ply'],[-0.855322   -0.276683   -0.31977201],[0.95205998 0.30417699 0.22679199],4.710325927666466,0.5738024963793075,1.9755404778181105
['data' 'LabeledDB_new' 'Fish' '233' 'original.ply'],[-0.71025598 -0.46470001 -0.59573001],[0.94937497 0.50747299 0.42504701],8.599866814929152,1.6469710574677068,2.177494196286129
['data' 'LabeledDB_new' 'Fish' '234' 'original.ply'],[-0.83177203 -0.41735199 -0.36420301],[0.97583598 0.501369   0.43848401],7.698152633831347,1.3330122346347286,2.1807800028569955
['data' 'LabeledDB_new' 'Fish' '235' 'original.ply'],[-0.85608798 -0.261006   -0.462946  ],[0.96107101 0.30706599 0.243146  ],5.43293929755853,0.7288826231395836,2.030600531926116
['data' 'LabeledDB_new' 'Fish' '236' 'original.ply'],[-0.82991099 -0.228387   -0.42097399],[0.95083499 0.31183299 0.29037601],5.226027428201929,0.6843148397016284,1.992213018350109
['data' 'LabeledDB_new' 'Fish' '237' 'original.ply'],[-0.83983701 -0.21594299 -0.32591301],[0.96163303 0.26069501 0.231417  ],4.256614140230749,0.47855090516198423,1.9450179534590362
['data' 'LabeledDB_new' 'Fish' '238' 'original.ply'],[-0.82502699 -0.235357   -0.39589599],[0.93846798 0.26833799 0.29535401],4.910917292876756,0.614012204434386,1.9599616604447452
['data' 'LabeledDB_new' 'Fish' '239' 'original.ply'],[-0.87110502 -0.30575201 -0.25510201],[0.98542601 0.36428201 0.19132701],4.743741779571387,0.5553304380051246,2.0235987490621707
['data' 'LabeledDB_new' 'Fish' '240' 'original.ply'],[-0.796664 -0.337138 -0.429387],[0.94907099 0.44266599 0.235644  ],6.081785658416825,0.9053273925374071,2.0243396827590034
['data' 'LabeledDB_new' 'FourLeg' '381' 'original.ply'],[-0.66026503 -0.58982903 -0.28568   ],[0.97386402 0.47252399 0.28537899],6.551744479059323,0.9913709219493814,2.0310293056302537
['data' 'LabeledDB_new' 'FourLeg' '382' 'original.ply'],[-0.435902   -0.75561601 -0.69051802],[0.272533   0.79074198 0.58828098],7.957842266764864,1.400916783076226,2.12801082108531
['data' 'LabeledDB_new' 'FourLeg' '383' 'original.ply'],[-0.29517701 -0.99482697 -0.51956898],[0.29601601 0.805897   0.40243199],6.539850476708729,0.9815395954100649,2.1076531498403646
['data' 'LabeledDB_new' 'FourLeg' '384' 'original.ply'],[-0.229803   -0.99914998 -0.420185  ],[0.22865701 0.99251801 0.67921603],7.213546676863027,1.0038631998338323,2.3206916121471357
['data' 'LabeledDB_new' 'FourLeg' '385' 'original.ply'],[-0.77708298 -0.71964502 -0.255539  ],[0.985057   0.60613602 0.25277299],7.811678107663234,1.1875244532805196,2.263009888765626
['data' 'LabeledDB_new' 'FourLeg' '386' 'original.ply'],[-0.75334102 -0.54312098 -0.58165801],[0.87363398 0.666825   0.55577803],10.390735989969606,2.2391018117527373,2.3248177658675466
['data' 'LabeledDB_new' 'FourLeg' '387' 'original.ply'],[-0.90003002 -0.756033   -0.34790301],[0.69644099 0.69805598 0.32817599],8.767660964431052,1.5694571811864177,2.2627808756002064
['data' 'LabeledDB_new' 'FourLeg' '388' 'original.ply'],[-0.866458   -0.60413802 -0.326592  ],[0.99783897 0.43366501 0.32978499],7.679289379900451,1.2699404972809951,2.2323684886958204
['data' 'LabeledDB_new' 'FourLeg' '389' 'original.ply'],[-0.282428   -0.81520599 -0.67968702],[0.288643   0.78317899 0.67260897],7.693075862597553,1.2343640259418382,2.170175356042146
['data' 'LabeledDB_new' 'FourLeg' '390' 'original.ply'],[-0.246158   -0.73803997 -0.49889001],[0.24578699 0.942716   0.572236  ],6.308152051225404,0.8856492920137334,2.052866644407059
['data' 'LabeledDB_new' 'FourLeg' '391' 'original.ply'],[-0.26796401 -0.56110901 -0.87076002],[0.244835 0.423509 0.838027],6.12735581816268,0.8627856034380168,2.0377410384393277
['data' 'LabeledDB_new' 'FourLeg' '392' 'original.ply'],[-0.83480102 -0.58748001 -0.31363201],[0.99480301 0.44329399 0.31770501],7.383541579318134,1.1906436943212295,2.1928366030472257
['data' 'LabeledDB_new' 'FourLeg' '393' 'original.ply'],[-0.21931501 -0.74706298 -0.740852  ],[0.21889301 0.65553701 0.69255   ],6.50649686813675,0.8810126692258379,2.052791829495791
['data' 'LabeledDB_new' 'FourLeg' '394' 'original.ply'],[-0.72456598 -0.21842401 -0.69334102],[0.80032402 0.22700401 0.575064  ],6.356779987425888,0.8615371265249028,2.0328666803274023
['data' 'LabeledDB_new' 'FourLeg' '395' 'original.ply'],[-0.76732701 -0.69775498 -0.51844001],[0.99256903 0.524252   0.48355401],10.27690842244958,2.1548935754284235,2.3652752748909003
['data' 'LabeledDB_new' 'FourLeg' '396' 'original.ply'],[-0.81437701 -0.74798    -0.206627  ],[0.75188702 0.70007801 0.206599  ],7.027274797308827,0.9372135690624929,2.172742677271409
['data' 'LabeledDB_new' 'FourLeg' '397' 'original.ply'],[-0.23051099 -0.70656598 -0.75557399],[0.231012   0.59555203 0.82830399],6.788699096127594,0.9518431973449569,2.101709834563468
['data' 'LabeledDB_new' 'FourLeg' '398' 'original.ply'],[-0.99976099 -0.46562099 -0.165829  ],[0.43333599 0.42938501 0.166005  ],4.110348246858474,0.4256203780056117,1.7218932857730913
['data' 'LabeledDB_new' 'FourLeg' '399' 'original.ply'],[-0.360116   -0.69514602 -0.71157002],[0.27877799 0.87548298 0.67637098],8.140305979143761,1.392750817633065,2.1912191167813604
['data' 'LabeledDB_new' 'FourLeg' '400' 'original.ply'],[-0.26791599 -0.653126   -0.69217902],[0.26203799 0.37251201 0.98456299],6.303734846221262,0.9113779559643655,2.0357427038075993
['data' 'LabeledDB_new' 'Glasses' '41' 'original.ply'],[-0.51019502 -0.21868099 -0.19441099],[0.51334    0.86540502 0.132662  ],3.597891824831733,0.3629201911498733,1.5263823753043555
['data' 'LabeledDB_new' 'Glasses' '42' 'original.ply'],[-0.82949603 -0.160265   -0.174753  ],[0.42137599 0.744645   0.13230699],3.587761987771045,0.34756936670106686,1.5741120486043767
['data' 'LabeledDB_new' 'Glasses' '43' 'original.ply'],[-0.82448697 -0.13022199 -0.70911598],[0.43136901 0.114313   0.212587  ],3.38003112001046,0.28305565924678405,1.576866507870314
['data' 'LabeledDB_new' 'Glasses' '44' 'original.ply'],[-0.52431899 -0.177508   -0.92174798],[0.52850598 0.16164599 0.29026699],4.088338275664517,0.432773933012788,1.6408674992855645
['data' 'LabeledDB_new' 'Glasses' '45' 'original.ply'],[-0.61841398 -0.17678501 -0.89774001],[0.61668497 0.14759099 0.19092301],4.196758337498296,0.4361580973738935,1.678057323208221
['data' 'LabeledDB_new' 'Glasses' '46' 'original.ply'],[-0.99671102 -0.099818   -0.158213  ],[0.83215201 0.45801601 0.120276  ],3.369741722565706,0.2841150328452107,1.9322201908897854
['data' 'LabeledDB_new' 'Glasses' '47' 'original.ply'],[-0.997563 -0.044583 -0.156803],[0.987167   0.092473   0.12597799],1.7440398079026502,0.0769218464190547,2.0094533160503585
['data' 'LabeledDB_new' 'Glasses' '48' 'original.ply'],[-0.84580201 -0.21551999 -0.178388  ],[0.49074399 0.75177199 0.153024  ],4.112699583113597,0.42845945591048723,1.682808043764677
['data' 'LabeledDB_new' 'Glasses' '49' 'original.ply'],[-0.84057099 -0.186472   -0.168001  ],[0.84951198 0.52805799 0.14126299],3.902550327943212,0.3734718224705382,1.8608003008499006
['data' 'LabeledDB_new' 'Glasses' '50' 'original.ply'],[-0.517775   -0.236303   -0.19737101],[0.52528  0.861516 0.135842],3.716905292170262,0.3815574081611205,1.550548674137712
['data' 'LabeledDB_new' 'Glasses' '51' 'original.ply'],[-0.82386702 -0.18606199 -0.164938  ],[0.72596002 0.64252299 0.11183   ],3.8848635328910417,0.35541534752931775,1.779077698286928
['data' 'LabeledDB_new' 'Glasses' '52' 'original.ply'],[-0.956824 -0.10603  -0.143097],[0.922364   0.37041599 0.086453  ],2.8721347151308176,0.20552336191048404,1.9521889057969863
['data' 'LabeledDB_new' 'Glasses' '53' 'original.ply'],[-0.988805 -0.120865 -0.147365],[0.781299 0.521698 0.141985],3.6710170651079794,0.3291076573453271,1.9052240741410564
['data' 'LabeledDB_new' 'Glasses' '54' 'original.ply'],[-0.51859701 -0.196584   -0.86150497],[0.52383602 0.134637   0.23619699],3.706276860573828,0.3790098235207778,1.5496204588983418
['data' 'LabeledDB_new' 'Glasses' '55' 'original.ply'],[-0.84644198 -0.161081   -0.64218599],[0.666502   0.10985    0.18396001],3.767289177197048,0.3386400701321079,1.7449700000853632
['data' 'LabeledDB_new' 'Glasses' '56' 'original.ply'],[-0.65097398 -0.286924   -0.244029  ],[0.65322602 0.98567301 0.161228  ],5.4079720958012345,0.67261356339936,1.8667281598980296
['data' 'LabeledDB_new' 'Glasses' '57' 'original.ply'],[-0.517497 -0.236141 -0.196613],[0.52422398 0.86131197 0.13461199],3.7035753331876746,0.3786695908588563,1.5489659864239973
['data' 'LabeledDB_new' 'Glasses' '58' 'original.ply'],[-0.95286298 -0.055087   -0.136317  ],[0.99023098 0.16637801 0.120757  ],1.9735582853464937,0.11062596362080464,1.9724978858636948
['data' 'LabeledDB_new' 'Glasses' '59' 'original.ply'],[-0.89660603 -0.195811   -0.162405  ],[0.86693102 0.49078199 0.113191  ],3.772156454124958,0.33370050756291997,1.912439808702129
['data' 'LabeledDB_new' 'Glasses' '60' 'original.ply'],[-0.99216402 -0.123572   -0.145264  ],[0.80916899 0.49388099 0.100408  ],3.4129328923503293,0.27324584643387634,1.9200009210908586
['data' 'LabeledDB_new' 'Hand' '181' 'original.ply'],[-0.50968099 -0.45479801 -0.92854798],[0.42467901 0.226025   0.99185002],7.475856014560759,1.2216300539775695,2.2415345294551843
['data' 'LabeledDB_new' 'Hand' '182' 'original.ply'],[-0.47109601 -0.90606803 -0.478443  ],[0.401714   0.97337902 0.53272301],8.846777907599186,1.6587169039382077,2.305769976904733
['data' 'LabeledDB_new' 'Hand' '183' 'original.ply'],[-0.994201   -0.95105499 -0.25807899],[0.67909598 0.90949702 0.37765101],10.71965979757551,1.9791902821292262,2.581807357970197
['data' 'LabeledDB_new' 'Hand' '184' 'original.ply'],[-0.36158299 -0.51127702 -0.74690801],[0.36422601 0.391298   0.98458499],6.949265218919351,1.1342960005263214,2.0831486676219897
['data' 'LabeledDB_new' 'Hand' '185' 'original.ply'],[-0.58088797 -0.180106   -0.97788399],[0.427228   0.177549   0.67728603],5.242281819269622,0.5967843356045645,1.9707365961304626
['data' 'LabeledDB_new' 'Hand' '186' 'original.ply'],[-0.46144599 -0.388926   -0.97693598],[0.58795398 0.22097901 0.85167599],7.348518472755956,1.1703743723250486,2.1947770165340272
['data' 'LabeledDB_new' 'Hand' '187' 'original.ply'],[-0.51063401 -0.453623   -0.93466097],[0.42711699 0.22851899 0.99363202],7.526615231677059,1.2334891666828722,2.2501129920438445
['data' 'LabeledDB_new' 'Hand' '188' 'original.ply'],[-0.450427   -0.79862601 -0.67467302],[0.714867   0.978778   0.50221801],11.068866185759411,2.4375745968352,2.4294335958111133
['data' 'LabeledDB_new' 'Hand' '189' 'original.ply'],[-0.553877   -0.63362998 -0.75569302],[0.68794101 0.80805802 0.438209  ],9.988314725175648,2.1374596435034863,2.2463255079575366
['data' 'LabeledDB_new' 'Hand' '190' 'original.ply'],[-0.448432   -0.64435601 -0.14327399],[0.71454901 0.96541101 0.36916801],6.586002055696658,0.9593572687247026,2.050968425803074
['data' 'LabeledDB_new' 'Hand' '191' 'original.ply'],[-0.463956   -0.966084   -0.58573997],[0.769719   0.83022797 0.57687402],11.477540848018776,2.5764283771774084,2.469891092313937
['data' 'LabeledDB_new' 'Hand' '192' 'original.ply'],[-0.54399002 -0.812792   -0.25617501],[0.61473799 0.98973298 0.334775  ],7.677177329760141,1.2342795736068735,2.222829012890788
['data' 'LabeledDB_new' 'Hand' '193' 'original.ply'],[-0.40948701 -0.62327302 -0.25806499],[0.34546101 0.98206902 0.34820801],5.285859812882364,0.7347724279309469,1.8747363795699772
['data' 'LabeledDB_new' 'Hand' '194' 'original.ply'],[-0.43850899 -0.76315898 -0.282379  ],[0.35789499 0.98923397 0.378968  ],6.162503821142645,0.9229842801325023,2.0353182036495276
['data' 'LabeledDB_new' 'Hand' '195' 'original.ply'],[-0.392205   -0.71618801 -0.32159299],[0.324763   0.97817099 0.425116  ],6.030721473201488,0.907102966076195,1.9855653762896803
['data' 'LabeledDB_new' 'Hand' '196' 'original.ply'],[-0.52784598 -0.584171   -0.26578799],[0.70653898 0.99167198 0.36877799],7.4569437974946915,1.234355750352522,2.0999193516463226
['data' 'LabeledDB_new' 'Hand' '197' 'original.ply'],[-0.377837   -0.64052403 -0.28636801],[0.33078501 0.998505   0.54236799],6.21406997051589,0.9625371266289672,1.9685945923030075
['data' 'LabeledDB_new' 'Hand' '198' 'original.ply'],[-0.36390299 -0.36425099 -0.94235098],[0.310435   0.18476801 0.99931902],5.4911598070189935,0.7188535354161527,2.1274952320241898
['data' 'LabeledDB_new' 'Hand' '199' 'original.ply'],[-0.406836   -0.95206398 -0.296004  ],[0.40875301 0.92947501 0.41156101],6.885911837705883,1.085802745007267,2.169336911916549
['data' 'LabeledDB_new' 'Hand' '200' 'original.ply'],[-0.65251702 -0.956523   -0.34989399],[0.655155   0.76808101 0.29836899],8.44185741532317,1.46197330943883,2.2593162689631217
['data' 'LabeledDB_new' 'Human' '1' 'original.ply'],[-0.362883   -0.13817599 -0.97967201],[0.36475801 0.155597   0.816414  ],4.0966174024425115,0.38393364693989557,1.9600227010480777
['data' 'LabeledDB_new' 'Human' '10' 'original.ply'],[-0.21141399 -0.96440601 -0.518502  ],[0.140155   0.93052697 0.52788597],6.033824677243679,0.6971033403270472,2.1930115282603757
['data' 'LabeledDB_new' 'Human' '11' 'original.ply'],[-0.86640102 -0.25445601 -0.90308899],[0.86519003 0.14025401 0.89406598],9.00953769399786,1.2283128875674925,2.5266518379995313
['data' 'LabeledDB_new' 'Human' '12' 'original.ply'],[-0.84916598 -0.25417    -0.909495  ],[0.85708898 0.13930599 0.90483701],8.961958889735257,1.2180887460414132,2.5214936010753495
['data' 'LabeledDB_new' 'Human' '13' 'original.ply'],[-0.51132601 -0.95920098 -0.43473801],[0.331476   0.99958998 0.280974  ],7.3120134288010945,1.181549614493162,2.2493156605446334
['data' 'LabeledDB_new' 'Human' '14' 'original.ply'],[-0.66771501 -0.83455497 -0.66632801],[0.421211   0.361332   0.31010601],7.066403139181308,1.27154405422569,1.889266766442481
['data' 'LabeledDB_new' 'Human' '15' 'original.ply'],[-0.29347399 -0.86993003 -0.29199201],[0.29222199 0.58090103 0.48589101],4.867851456627001,0.6610029249114965,1.7472986387071918
['data' 'LabeledDB_new' 'Human' '16' 'original.ply'],[-0.49746799 -0.841447   -0.52688599],[0.340819   0.896209   0.32674801],7.311133892835386,1.243449743894539,2.109707197219853
['data' 'LabeledDB_new' 'Human' '17' 'original.ply'],[-0.48251599 -0.84685302 -0.52210402],[0.50184    0.81936598 0.391761  ],8.124840856079679,1.4988781439399035,2.1401849786668232
['data' 'LabeledDB_new' 'Human' '18' 'original.ply'],[-0.56053901 -0.789644   -0.56957102],[0.434836   0.91533899 0.443234  ],8.864067179879973,1.7188288204355744,2.2188989206464265
['data' 'LabeledDB_new' 'Human' '19' 'original.ply'],[-0.486375   -0.97115499 -0.42171901],[0.39808899 0.98282701 0.344684  ],7.807240603057057,1.324518179016158,2.277651375195641
['data' 'LabeledDB_new' 'Human' '2' 'original.ply'],[-0.205586   -0.95970702 -0.53327698],[0.133258   0.91652602 0.505301  ],5.8725610757113245,0.6602762699388024,2.17110798676125
['data' 'LabeledDB_new' 'Human' '20' 'original.ply'],[-0.44011599 -0.96775699 -0.385793  ],[0.409329   0.94401199 0.31455299],7.115495397665157,1.1373216698906896,2.2061055955724815
['data' 'LabeledDB_new' 'Human' '3' 'original.ply'],[-0.26893601 -0.93771702 -0.26774901],[0.280586   0.55632502 0.42687699],4.481043435729644,0.5702941921362159,1.7368481053298788
['data' 'LabeledDB_new' 'Human' '4' 'original.ply'],[-0.27921301 -0.94801998 -0.310635  ],[0.32910699 0.50574398 0.39861399],4.69376931055514,0.6272269612912783,1.7281542193550536
['data' 'LabeledDB_new' 'Human' '5' 'original.ply'],[-0.55566198 -0.93154103 -0.40883201],[0.43356299 0.999906   0.36581799],8.346268432664676,1.480073905152705,2.304156310304623
['data' 'LabeledDB_new' 'Human' '6' 'original.ply'],[-0.24987499 -0.988545   -0.22694001],[0.25133801 0.75986099 0.16658901],3.5232283055698477,0.34485884447390364,1.8609145791281259
['data' 'LabeledDB_new' 'Human' '7' 'original.ply'],[-0.150307   -0.28626999 -0.98605001],[0.188054   0.28767899 0.87477797],3.7837077536834762,0.3613764186568686,1.9765086324327852
['data' 'LabeledDB_new' 'Human' '8' 'original.ply'],[-0.32578301 -0.37222901 -0.98905098],[0.34532699 0.38874701 0.841066  ],6.263167142607632,0.9346382154853791,2.0925585588896123
['data' 'LabeledDB_new' 'Human' '9' 'original.ply'],[-0.31820899 -0.34399399 -0.98876899],[0.33662701 0.37601    0.83635497],5.961475901678703,0.8605177217545064,2.068403593324266
['data' 'LabeledDB_new' 'Mech' '321' 'original.ply'],[-0.54031497 -0.64395499 -0.53618097],[0.53753    0.81115103 0.541664  ],8.59701445125134,1.6904691207872722,2.107328431897949
['data' 'LabeledDB_new' 'Mech' '322' 'original.ply'],[-0.53934401 -0.646622   -0.53943402],[0.53899503 0.80915201 0.53890502],8.604901963478675,1.6927959794320004,2.1082950783807255
['data' 'LabeledDB_new' 'Mech' '323' 'original.ply'],[-0.53718799 -0.64491498 -0.53690201],[0.54027498 0.80967599 0.54056102],8.590924871118254,1.6886732379607186,2.1065820528184456
['data' 'LabeledDB_new' 'Mech' '324' 'original.ply'],[-0.66329801 -0.71438199 -0.68782097],[0.69045401 0.63916999 0.66573101],10.993700858907658,2.4802130950068015,2.3445363015886755
['data' 'LabeledDB_new' 'Mech' '325' 'original.ply'],[-0.53193301 -0.83638102 -0.787772  ],[0.53052998 0.76830602 0.663571  ],11.151740180574102,2.4744245464900847,2.4104448924664124
['data' 'LabeledDB_new' 'Mech' '326' 'original.ply'],[-0.77024102 -0.62291503 -0.57136899],[0.76593202 0.71662802 0.58076102],10.741937439612038,2.3708184721734598,2.341283141597386
['data' 'LabeledDB_new' 'Mech' '327' 'original.ply'],[-0.64507401 -0.76393503 -0.63883001],[0.645262   0.67610902 0.56507498],10.290517717616893,2.2370248443986736,2.2777359581606373
['data' 'LabeledDB_new' 'Mech' '328' 'original.ply'],[-0.54469901 -0.63422501 -0.54427302],[0.54649401 0.838902   0.54692   ],8.811268049881711,1.7540555799561104,2.1334262573320912
['data' 'LabeledDB_new' 'Mech' '329' 'original.ply'],[-0.53961802 -0.63583201 -0.539271  ],[0.54559898 0.82922798 0.54594702],8.71502908601397,1.7253968124821892,2.1217433539863166
['data' 'LabeledDB_new' 'Mech' '330' 'original.ply'],[-0.54142398 -0.63975602 -0.54072303],[0.54312497 0.82440102 0.54382598],8.704293098384362,1.72220958487811,2.120436000477648
['data' 'LabeledDB_new' 'Mech' '331' 'original.ply'],[-0.54000098 -0.64677799 -0.53084099],[0.50573099 0.92185199 0.51489103],8.748577008414344,1.7153837823587716,2.1558550068696607
['data' 'LabeledDB_new' 'Mech' '332' 'original.ply'],[-0.53285301 -0.664294   -0.52419603],[0.51444298 0.906681   0.52309901],8.774756057444698,1.7230891957572188,2.1590781000365733
['data' 'LabeledDB_new' 'Mech' '333' 'original.ply'],[-0.55979198 -0.64721501 -0.51605302],[0.473721   0.90308601 0.51745999],8.545323200235146,1.6559526499687265,2.1306645579460937
['data' 'LabeledDB_new' 'Mech' '334' 'original.ply'],[-0.65812999 -0.42436701 -0.66070098],[0.65951002 0.49798101 0.65693903],8.33364099107957,1.6013577502281247,2.0792008676938094
['data' 'LabeledDB_new' 'Mech' '335' 'original.ply'],[-0.540497   -0.64417702 -0.53698897],[0.53771001 0.811418   0.54121798],8.602791473452726,1.6921733185612178,2.108036399622404
['data' 'LabeledDB_new' 'Mech' '336' 'original.ply'],[-0.41794801 -0.47371    -0.411149  ],[0.41971999 0.99166697 0.426456  ],6.313082771666544,1.0281596350174387,1.8843034494725093
['data' 'LabeledDB_new' 'Mech' '337' 'original.ply'],[-0.86782902 -0.819444   -0.55877697],[0.89771903 0.92305899 0.51990801],13.721109471025265,3.3185449665211646,2.7050023803259404
['data' 'LabeledDB_new' 'Mech' '338' 'original.ply'],[-0.568703   -0.59099799 -0.60863   ],[0.56421798 0.904347   0.58779401],9.67725646428238,2.026871146754592,2.225083596606549
['data' 'LabeledDB_new' 'Mech' '339' 'original.ply'],[-0.53990602 -0.64667499 -0.53142399],[0.50564402 0.92168301 0.514126  ],8.745536643659612,1.7144895122069097,2.1554805755512154
['data' 'LabeledDB_new' 'Mech' '340' 'original.ply'],[-0.65788299 -0.42421001 -0.66101998],[0.659262   0.49779099 0.65612501],8.327377863000123,1.599552734668027,2.0784195199653768
['data' 'LabeledDB_new' 'Octopus' '121' 'original.ply'],[-0.99141502 -0.75865299 -0.41475201],[0.98694497 0.70490301 0.153262  ],9.700994266615375,1.6446508439060532,2.5255780201672415
['data' 'LabeledDB_new' 'Octopus' '122' 'original.ply'],[-0.90155101 -0.72091699 -0.42365199],[0.94058502 0.79409999 0.242432  ],10.054026429016524,1.8589520610705708,2.476370216362323
['data' 'LabeledDB_new' 'Octopus' '123' 'original.ply'],[-0.71557403 -0.57004702 -0.55304098],[0.68296403 0.52203    0.70790797],9.335699474120894,1.9258615449608514,2.1768172100908822
['data' 'LabeledDB_new' 'Octopus' '124' 'original.ply'],[-0.80821002 -0.90942901 -0.28505901],[0.63745397 0.869358   0.44105399],9.825688198815978,1.867220131263664,2.404426687552713
['data' 'LabeledDB_new' 'Octopus' '125' 'original.ply'],[-0.42284101 -0.28855801 -0.412909  ],[0.55463302 0.56854999 0.64362901],5.552212938911094,0.8851684065363451,1.675220040368699
['data' 'LabeledDB_new' 'Octopus' '126' 'original.ply'],[-0.35437599 -0.88462001 -0.872558  ],[0.56056499 0.83069003 0.80055302],11.94021884574152,2.625792904567141,2.564898831592485
['data' 'LabeledDB_new' 'Octopus' '127' 'original.ply'],[-0.78640902 -0.80299097 -0.48714799],[0.73889601 0.808097   0.527044  ],11.276610508853125,2.4922759936271324,2.4394149499549647
['data' 'LabeledDB_new' 'Octopus' '128' 'original.ply'],[-0.710262   -0.33774    -0.79589999],[0.63519502 0.28308001 0.87955803],8.2594025189914,1.3994877061055666,2.236701060557584
['data' 'LabeledDB_new' 'Octopus' '129' 'original.ply'],[-0.93581802 -0.72037297 -0.297299  ],[0.91253901 0.844827   0.47395599],11.051542419886818,2.2312779718246794,2.5418711383840336
['data' 'LabeledDB_new' 'Octopus' '130' 'original.ply'],[-0.69495898 -0.83247697 -0.316726  ],[0.76306498 0.81840801 0.52784902],10.065473412111668,2.032917298016659,2.3589324027653062
['data' 'LabeledDB_new' 'Octopus' '131' 'original.ply'],[-0.60663402 -0.67361301 -0.68921202],[0.4777     0.78623801 0.79296398],10.707792300750683,2.3462344102226913,2.3460159824445705
['data' 'LabeledDB_new' 'Octopus' '132' 'original.ply'],[-0.24806599 -0.287393   -0.95020199],[0.26546699 0.289168   0.97256601],4.784161838932223,0.569299092212056,2.0719979448773964
['data' 'LabeledDB_new' 'Octopus' '133' 'original.ply'],[-0.301487   -0.86900502 -0.60848498],[0.66470498 0.75849098 0.672418  ],9.789472502551952,2.014186100166434,2.285384569165491
['data' 'LabeledDB_new' 'Octopus' '134' 'original.ply'],[-0.62273902 -0.83949798 -0.56289601],[0.68740499 0.83761501 0.49903399],10.739034748477586,2.333335827020739,2.3784197799106344
['data' 'LabeledDB_new' 'Octopus' '135' 'original.ply'],[-0.57224798 -0.688371   -0.57186002],[0.57020402 0.76407099 0.63086098],9.560557510454842,1.9957293888669967,2.204840609763675
['data' 'LabeledDB_new' 'Octopus' '136' 'original.ply'],[-0.73312497 -0.68918401 -0.488352  ],[0.67158198 0.66230899 0.468353  ],9.070643815731309,1.816258162802954,2.1714095481151086
['data' 'LabeledDB_new' 'Octopus' '137' 'original.ply'],[-0.53275001 -0.74839401 -0.52553099],[0.59636599 0.576087   0.47262901],7.889150201857362,1.4927409992551874,2.00635896101487
['data' 'LabeledDB_new' 'Octopus' '138' 'original.ply'],[-0.79324597 -0.68807399 -0.53549403],[0.80626899 0.34839001 0.57746702],9.183163225801266,1.8451110017277157,2.2071221202624733
['data' 'LabeledDB_new' 'Octopus' '139' 'original.ply'],[-0.75977403 -0.72301    -0.244031  ],[0.72130901 0.75574303 0.29356399],7.562698127747504,1.1774169050230963,2.1608622942500952
['data' 'LabeledDB_new' 'Octopus' '140' 'original.ply'],[-0.68041801 -0.80515599 -0.37570599],[0.91282201 0.79342902 0.47370601],10.516208165411065,2.1633925650072636,2.411511670833
['data' 'LabeledDB_new' 'Plier' '201' 'original.ply'],[-0.67574197 -0.079542   -0.969787  ],[0.51605999 0.08539    0.86589998],5.374210349556694,0.3608341755832218,2.1948442280382543
['data' 'LabeledDB_new' 'Plier' '202' 'original.ply'],[-0.69055903 -0.079647   -0.97523302],[0.51102  0.08501  0.856318],5.400358770093909,0.3623694289775916,2.1966982551633145
['data' 'LabeledDB_new' 'Plier' '203' 'original.ply'],[-0.70776802 -0.080493   -0.97525799],[0.50472498 0.083869   0.837825  ],5.391280362857787,0.3613252882697981,2.187332642626911
['data' 'LabeledDB_new' 'Plier' '204' 'original.ply'],[-0.76842499 -0.075499   -0.69849801],[0.96827102 0.0791     0.67986703],5.750772736073564,0.3700792402806589,2.2225894910921977
['data' 'LabeledDB_new' 'Plier' '205' 'original.ply'],[-0.60477602 -0.083685   -0.96580398],[0.67212802 0.088202   0.90786999],5.868090589442957,0.41123997775063703,2.27391364219587
['data' 'LabeledDB_new' 'Plier' '206' 'original.ply'],[-0.74189401 -0.07958    -0.96013802],[0.51392198 0.084225   0.85419601],5.562751208731049,0.373224726908039,2.2126260079720557
['data' 'LabeledDB_new' 'Plier' '207' 'original.ply'],[-0.76647401 -0.079161   -0.934075  ],[0.62632602 0.079515   0.81862599],5.880555054408772,0.3873538341981029,2.2443330296595807
['data' 'LabeledDB_new' 'Plier' '208' 'original.ply'],[-0.77104801 -0.078774   -0.87883598],[0.72492701 0.082087   0.73547   ],5.830568636192595,0.3884731078003574,2.206762626386622
['data' 'LabeledDB_new' 'Plier' '209' 'original.ply'],[-0.770495 -0.077523 -0.816737],[0.84498    0.082044   0.66264999],5.767501052142556,0.38135119434198544,2.1963166783323684
['data' 'LabeledDB_new' 'Plier' '210' 'original.ply'],[-0.76061302 -0.079584   -0.76251203],[0.91147298 0.084707   0.66996098],5.810538329825886,0.3935127740473591,2.2079044438033875
['data' 'LabeledDB_new' 'Plier' '211' 'original.ply'],[-0.75344002 -0.076081   -0.73584402],[0.95985198 0.075916   0.68227702],5.811241649192343,0.3693003373206993,2.2292464776595096
['data' 'LabeledDB_new' 'Plier' '212' 'original.ply'],[-0.79189199 -0.077249   -0.67279202],[0.98667198 0.082488   0.70325601],5.902595411535962,0.39093864509951015,2.2543987897117232
['data' 'LabeledDB_new' 'Plier' '213' 'original.ply'],[-0.62212098 -0.079239   -0.93185401],[0.56548101 0.077786   0.80838001],5.052897649201891,0.32452441487630396,2.112692537445913
['data' 'LabeledDB_new' 'Plier' '214' 'original.ply'],[-0.60610002 -0.081305   -0.96218097],[0.58749801 0.08305    0.84119397],5.290144530304877,0.35377491321547766,2.1688360986065724
['data' 'LabeledDB_new' 'Plier' '215' 'original.ply'],[-0.60046101 -0.080424   -0.98201102],[0.61005002 0.087098   0.87877297],5.534018099170925,0.3773432420563325,2.2261890409923923
['data' 'LabeledDB_new' 'Plier' '216' 'original.ply'],[-0.59318799 -0.08099    -0.98687297],[0.62364101 0.087471   0.88384199],5.59294194373453,0.38347455539457614,2.2379960679281976
['data' 'LabeledDB_new' 'Plier' '217' 'original.ply'],[-0.60361499 -0.079919   -0.91933   ],[0.66807002 0.080117   0.84650701],5.463402678733806,0.3593750046346678,2.1819657724045665
['data' 'LabeledDB_new' 'Plier' '218' 'original.ply'],[-0.57879603 -0.078379   -0.824175  ],[0.68515497 0.081482   0.79040003],5.00181554569706,0.3262353297373764,2.056691566711337
['data' 'LabeledDB_new' 'Plier' '219' 'original.ply'],[-0.75557399 -0.063137   -0.96113902],[0.79033899 0.076423   0.60145599],5.698918564365922,0.33712614541121755,2.2025047339204757
['data' 'LabeledDB_new' 'Plier' '220' 'original.ply'],[-0.75924999 -0.065043   -0.87638301],[0.81412202 0.078307   0.593642  ],5.498334330700487,0.3315536805158451,2.158013485562107
['data' 'LabeledDB_new' 'Table' '141' 'original.ply'],[-0.84016597 -0.55008799 -0.12601601],[0.84031397 0.54205799 0.73210901],8.429178157936654,1.5749420829585346,2.180177567293097
['data' 'LabeledDB_new' 'Table' '142' 'original.ply'],[-0.98293102 -0.26720101 -0.493251  ],[0.99968499 0.044393   0.51176703],5.846987362200588,0.6208712554745065,2.2445307502326703
['data' 'LabeledDB_new' 'Table' '143' 'original.ply'],[-0.98175299 -0.27653399 -0.49315   ],[0.99988103 0.034432   0.51151901],5.839049954482419,0.6190979314968885,2.243419947724873
['data' 'LabeledDB_new' 'Table' '144' 'original.ply'],[-0.98316997 -0.40006101 -0.80365098],[0.99958998 0.048795   0.80749297],9.615314126852706,1.4338757767052577,2.5939532696015872
['data' 'LabeledDB_new' 'Table' '145' 'original.ply'],[-0.63259798 -0.78775102 -0.632734  ],[0.63946301 0.18824799 0.639301  ],8.202282564852027,1.5792699610223873,2.0466524579955996
['data' 'LabeledDB_new' 'Table' '146' 'original.ply'],[-0.718292   -0.75511998 -0.71840799],[0.71746802 0.226254   0.71755397],9.759860020723742,2.0232955725795176,2.2553244742089875
['data' 'LabeledDB_new' 'Table' '147' 'original.ply'],[-0.80662501 -0.61110502 -0.81764603],[0.81326699 0.121435   0.80228102],9.99480800121647,1.9222633145654653,2.4051670687488063
['data' 'LabeledDB_new' 'Table' '148' 'original.ply'],[-0.98282599 -0.48385301 -0.98635   ],[0.98572999 0.116774   0.982292  ],12.480338901033004,2.3276591059499054,2.8480724695163993
['data' 'LabeledDB_new' 'Table' '149' 'original.ply'],[-0.98555499 -0.51545697 -0.98828101],[0.980304   0.081562   0.97842699],12.42817546196223,2.308236912929171,2.8441120968866884
['data' 'LabeledDB_new' 'Table' '150' 'original.ply'],[-0.46527499 -0.929452   -0.45673901],[0.46858999 0.203658   0.47695699],5.976196054293405,0.9880107322713483,1.7400661775492992
['data' 'LabeledDB_new' 'Table' '151' 'original.ply'],[-0.668661   -0.49571201 -0.67012501],[0.668657   0.101299   0.66780901],6.7727963436239715,1.068197927390345,1.983660512227224
['data' 'LabeledDB_new' 'Table' '152' 'original.ply'],[-0.31788301 -0.60938102 -0.82007802],[0.326873   0.099841   0.82632297],5.372931889633257,0.7528582842447082,1.9050833077963187
['data' 'LabeledDB_new' 'Table' '153' 'original.ply'],[-0.58955598 -0.788715   -0.491842  ],[0.592619   0.81663102 0.075932  ],6.960963740772671,1.0775214531305146,2.072930501189413
['data' 'LabeledDB_new' 'Table' '154' 'original.ply'],[-0.76739699 -0.76336199 -0.65272999],[0.76237798 0.82736301 0.29502299],10.781828876423333,2.306310714278576,2.401843707683365
['data' 'LabeledDB_new' 'Table' '155' 'original.ply'],[-0.93803298 -0.77402103 -0.69479799],[0.97549498 0.14711601 0.73071498],11.606946397326631,2.5126397748704785,2.5577665918085732
['data' 'LabeledDB_new' 'Table' '156' 'original.ply'],[-0.831833   -0.60239798 -0.71937197],[0.84043199 0.069116   0.72352898],9.009580449780906,1.6203046358560658,2.3085416161545655
['data' 'LabeledDB_new' 'Table' '157' 'original.ply'],[-0.968674   -0.66592598 -0.97578597],[0.96768802 0.119652   0.97185701],13.645061470416838,2.962683173282504,2.856561544262028
['data' 'LabeledDB_new' 'Table' '158' 'original.ply'],[-0.64626598 -0.79709297 -0.68523699],[0.64592302 0.16525    0.68436301],8.662672012870402,1.7031373319939354,2.1146301279157647
['data' 'LabeledDB_new' 'Table' '159' 'original.ply'],[-0.66828501 -0.75246    -0.55886602],[0.67153603 0.74799103 0.090932  ],7.711878053887833,1.306312261651364,2.1139326330599184
['data' 'LabeledDB_new' 'Table' '160' 'original.ply'],[-0.84524602 -0.761702   -0.222755  ],[0.254859   0.78102398 0.235357  ],5.815746378378055,0.7774896352639896,1.949384801787826
['data' 'LabeledDB_new' 'Teddy' '161' 'original.ply'],[-0.67138702 -0.72813302 -0.329366  ],[0.678684   0.94290698 0.32673699],8.476365233271643,1.4801832040983283,2.246227402530321
['data' 'LabeledDB_new' 'Teddy' '162' 'original.ply'],[-0.61812699 -0.89233899 -0.373052  ],[0.41234699 0.97739297 0.56539798],9.296816670237032,1.8081210826963177,2.3320511557386947
['data' 'LabeledDB_new' 'Teddy' '163' 'original.ply'],[-0.58393002 -0.90903503 -0.33899301],[0.62385201 0.95473999 0.502105  ],9.66902898184776,1.8933401947742459,2.374834857766176
['data' 'LabeledDB_new' 'Teddy' '164' 'original.ply'],[-0.63707697 -0.69629699 -0.34392601],[0.66547602 0.97746599 0.45082399],9.091184240174208,1.7326861318730866,2.2648961094976086
['data' 'LabeledDB_new' 'Teddy' '165' 'original.ply'],[-0.442105   -0.91621703 -0.35677901],[0.55174702 0.98595101 0.427515  ],8.323609445394169,1.4826870744645713,2.284973121170687
['data' 'LabeledDB_new' 'Teddy' '166' 'original.ply'],[-0.65079802 -0.842785   -0.383127  ],[0.624942   0.980533   0.50933099],10.183717738139414,2.0759284725439233,2.3975993057026335
['data' 'LabeledDB_new' 'Teddy' '167' 'original.ply'],[-0.64542598 -0.75621498 -0.38170201],[0.59857398 0.96526402 0.52583599],9.665609267843259,1.9435105912372435,2.3096863540337655
['data' 'LabeledDB_new' 'Teddy' '168' 'original.ply'],[-0.64304602 -0.87112701 -0.32054001],[0.56272101 0.97481298 0.332394  ],8.436673833460134,1.4532832888099865,2.299498082727088
['data' 'LabeledDB_new' 'Teddy' '169' 'original.ply'],[-0.780276   -0.89219803 -0.286057  ],[0.80498898 0.92328501 0.29952499],9.738876919592805,1.6853176550974567,2.4803124741870857
['data' 'LabeledDB_new' 'Teddy' '170' 'original.ply'],[-0.77362102 -0.88505501 -0.275354  ],[0.74906999 0.85818201 0.28197899],8.949241562844918,1.4793910150276264,2.38077367337613
['data' 'LabeledDB_new' 'Teddy' '171' 'original.ply'],[-0.525316   -0.883865   -0.39881799],[0.532718   0.91336203 0.48631099],8.857603139724475,1.6830969126540547,2.2655935718436826
['data' 'LabeledDB_new' 'Teddy' '172' 'original.ply'],[-0.57599401 -0.94954997 -0.44432199],[0.42986301 0.973867   0.53785801],9.623513586692852,1.9002064222391652,2.382427070414565
['data' 'LabeledDB_new' 'Teddy' '173' 'original.ply'],[-0.451507   -0.65267599 -0.397755  ],[0.44896001 0.94260699 0.51019001],7.405006837224969,1.3042627168078975,2.044537289786164
['data' 'LabeledDB_new' 'Teddy' '174' 'original.ply'],[-0.61344701 -0.84681797 -0.33089101],[0.69108099 0.90627801 0.40222499],9.057111722165551,1.676609018351062,2.3049073514953164
['data' 'LabeledDB_new' 'Teddy' '175' 'original.ply'],[-0.60857999 -0.94685501 -0.39637801],[0.58898503 0.95465201 0.42398199],9.639066087978527,1.8681059937863005,2.3922544722049675
['data' 'LabeledDB_new' 'Teddy' '176' 'original.ply'],[-0.68794  -0.691984 -0.397993],[0.73397201 0.94066298 0.53844398],10.363764708584377,2.17392005339899,2.3588734918813477
['data' 'LabeledDB_new' 'Teddy' '177' 'original.ply'],[-0.548994   -0.73877698 -0.395298  ],[0.66824102 0.93781102 0.51451099],9.34725571329134,1.8567396865969112,2.2628214329697465
['data' 'LabeledDB_new' 'Teddy' '178' 'original.ply'],[-0.59321803 -0.69181597 -0.36071   ],[0.50661302 0.953242   0.53899199],8.55773585415421,1.627818050894752,2.1737772953499315
['data' 'LabeledDB_new' 'Teddy' '179' 'original.ply'],[-0.658921   -0.71693999 -0.36036599],[0.65014398 0.94137102 0.57098401],9.869004971563214,2.021808908290578,2.308908691589339
['data' 'LabeledDB_new' 'Teddy' '180' 'original.ply'],[-0.61473501 -0.85639101 -0.26836199],[0.59705901 0.958507   0.301429  ],7.847728810685403,1.2531313842126497,2.2554292976428867
['data' 'LabeledDB_new' 'Vase' '361' 'original.ply'],[-0.48736301 -0.951693   -0.537682  ],[0.52149802 0.99128401 0.50721103],10.089097576454474,2.0481928305757875,2.425852775983229
['data' 'LabeledDB_new' 'Vase' '362' 'original.ply'],[-0.34841201 -0.64377803 -0.36840901],[0.39027101 0.98973298 0.368972  ],5.911715325025833,0.8897584639560081,1.9384895052590525
['data' 'LabeledDB_new' 'Vase' '363' 'original.ply'],[-0.29075301 -0.65361202 -0.28315499],[0.31544    0.99832398 0.31154999],4.6886252424598425,0.5955328425322222,1.8574273904591245
['data' 'LabeledDB_new' 'Vase' '364' 'original.ply'],[-0.83079201 -0.581783   -0.52909398],[0.820759   0.64830202 0.55459398],10.308684828364292,2.201564269535548,2.3270387780743533
['data' 'LabeledDB_new' 'Vase' '365' 'original.ply'],[-0.80045301 -0.682033   -0.83284003],[0.89432502 0.67252302 0.85724998],14.898641537220549,3.8798919259131717,2.750181591662009
['data' 'LabeledDB_new' 'Vase' '366' 'original.ply'],[-0.47067699 -0.86136299 -0.46059099],[0.44445401 0.98303002 0.48076299],8.571100273708577,1.5888748801194588,2.2639341101228037
['data' 'LabeledDB_new' 'Vase' '367' 'original.ply'],[-0.89434803 -0.59469402 -0.41362801],[0.95666897 0.59502202 0.524414  ],10.109039924070007,2.0657416934798065,2.391988923048054
['data' 'LabeledDB_new' 'Vase' '368' 'original.ply'],[-0.53504401 -0.55373299 -0.64349502],[0.53944099 0.78509599 0.585329  ],8.808179707786799,1.7677268365073477,2.111158339538104
['data' 'LabeledDB_new' 'Vase' '369' 'original.ply'],[-0.526398   -0.80493498 -0.58774298],[0.61793202 0.93794501 0.56190097],10.627386884801936,2.2928842815075248,2.3809248377496877
['data' 'LabeledDB_new' 'Vase' '370' 'original.ply'],[-0.55004102 -0.83918601 -0.547822  ],[0.56262201 0.98940802 0.56290102],10.603061787715234,2.2598870214025277,2.4115307932057393
['data' 'LabeledDB_new' 'Vase' '371' 'original.ply'],[-0.573071   -0.75023001 -0.53940499],[0.558613   0.98699099 0.597619  ],10.45599805585558,2.235372352579391,2.3646287325721693
['data' 'LabeledDB_new' 'Vase' '372' 'original.ply'],[-0.77448899 -0.48073599 -0.385591  ],[0.71148503 0.68795002 0.38174301],7.547295913169526,1.332580663400845,2.040281164800878
['data' 'LabeledDB_new' 'Vase' '373' 'original.ply'],[-0.41479301 -0.89026499 -0.42734399],[0.383883   0.99402601 0.38959599],7.393522064372636,1.2294440352994649,2.203594076263046
['data' 'LabeledDB_new' 'Vase' '374' 'original.ply'],[-0.35855001 -0.97321999 -0.331058  ],[0.32097501 0.956164   0.34429699],6.146008808598616,0.8854340786376181,2.1541544052676587
['data' 'LabeledDB_new' 'Vase' '375' 'original.ply'],[-0.96825898 -0.384965   -0.58056098],[0.91008103 0.30763701 0.52311897],8.276878455407637,1.4358236752027773,2.286037655648096
['data' 'LabeledDB_new' 'Vase' '376' 'original.ply'],[-0.99685699 -0.48222601 -0.808801  ],[0.99335802 0.31288201 0.74357498],11.812608897124015,2.4565354865282676,2.6463226718140502
['data' 'LabeledDB_new' 'Vase' '377' 'original.ply'],[-0.52530497 -0.66356599 -0.32259101],[0.52604598 0.99992698 0.32796901],7.030167697507608,1.1377741305969127,2.0726254004549363
['data' 'LabeledDB_new' 'Vase' '378' 'original.ply'],[-0.78113103 -0.47015801 -0.379556  ],[0.70308799 0.69009101 0.37489399],7.434365117561841,1.299210919949836,2.0293542507619344
['data' 'LabeledDB_new' 'Vase' '379' 'original.ply'],[-0.888659   -0.58877099 -0.38980699],[0.950082 0.589652 0.540806],9.94925329061811,2.016465857829566,2.373960770502601
['data' 'LabeledDB_new' 'Vase' '380' 'original.ply'],[-0.56843197 -0.99994802 -0.43049899],[0.56509298 0.59710503 0.432816  ],8.335296799457169,1.5628586764082124,2.140273355252409
