path,surface_area,compactness,rectangularity,diameter,eccentricity,convexity,major_eccentricity,minor_eccentricity
['data' 'LabeledDB_new' 'Airplane' '61' 'original.ply'],1.915367708,11.48535500629525,0.1049561322321995,1.9655930395984773,29.590544504410943,0.2814906019986492,8.820083468211925,3.3549052694406947
['data' 'LabeledDB_new' 'Airplane' '62' 'original.ply'],2.069691299,7.099637419274739,0.07582682581101298,1.9531221524786755,23.334848808721244,0.29298013226441205,7.093186321258859,3.2897555135108743
['data' 'LabeledDB_new' 'Airplane' '63' 'original.ply'],2.161627455,8.075894507403044,0.07721237118938955,1.994663196558449,22.76952301586957,0.27940018143908746,19.11389082996599,1.191255261339697
['data' 'LabeledDB_new' 'Airplane' '64' 'original.ply'],2.279627611,10.529148816470652,0.07173186978738037,1.861235584711179,31.412608057893166,0.2592583112092514,13.862746920321003,2.265972843509559
['data' 'LabeledDB_new' 'Airplane' '65' 'original.ply'],1.860338217,12.683871330442944,0.06330439530789587,1.7242407296506566,35.842166775444895,0.21795155002555927,23.08721700496332,1.552468050512086
['data' 'LabeledDB_new' 'Airplane' '66' 'original.ply'],2.128028831,22.947313644773473,0.07596115931467061,1.7049772830162693,61.890521929292795,0.2635992384113033,48.749637393182546,1.2695586108697487
['data' 'LabeledDB_new' 'Airplane' '67' 'original.ply'],2.477437099,12.445492885530529,0.07689052973856737,1.8133351120983012,33.09177672720431,0.2671733583153167,19.19826399896878,1.723685887900167
['data' 'LabeledDB_new' 'Airplane' '68' 'original.ply'],1.724380777,15.079089362782584,0.055182730893842125,1.7751502637784249,33.12523606253986,0.2155942808946569,30.952222706884072,1.0702054058034576
['data' 'LabeledDB_new' 'Airplane' '69' 'original.ply'],2.249767044,13.598415408162623,0.08447851523861412,1.8996630175190838,36.03700569284795,0.26044514307426697,31.515189652539974,1.1434805276491027
['data' 'LabeledDB_new' 'Airplane' '70' 'original.ply'],2.03024253,20.854906741065626,0.059875611189535896,1.9892534696283868,75.45032365893776,0.17556116648171746,26.32607311508463,2.8659923312187923
['data' 'LabeledDB_new' 'Airplane' '71' 'original.ply'],2.17761852,12.065502441584503,0.06255869659374372,1.9784586904303358,27.53858226339169,0.2300112203881056,25.015084105260744,1.1008790595111468
['data' 'LabeledDB_new' 'Airplane' '72' 'original.ply'],1.921655269,14.315499137650031,0.06109294448628848,1.979170581343597,42.06250931638036,0.20672534887635763,33.15596339872016,1.2686257615426126
['data' 'LabeledDB_new' 'Airplane' '73' 'original.ply'],1.848657782,13.18528188113543,0.05327430780512737,1.9572330147933796,40.085561552539,0.20038559959595562,34.214639522788104,1.171590936266935
['data' 'LabeledDB_new' 'Airplane' '74' 'original.ply'],1.849685567,10.423778226347315,0.06974704009630374,1.9581493094847715,40.05468672178504,0.2740716066463315,23.70548195371385,1.6896803363877537
['data' 'LabeledDB_new' 'Airplane' '75' 'original.ply'],2.595345323,15.795023691193279,0.11918999724149035,1.7583431275511767,34.613152304297266,0.3075451404658139,31.71691435687535,1.0913152494859288
['data' 'LabeledDB_new' 'Airplane' '76' 'original.ply'],1.994027349,8.581440875074124,0.07349748948442376,1.8508279072180494,37.60034675997183,0.2714377284843487,10.135789027405915,3.709661542708235
['data' 'LabeledDB_new' 'Airplane' '77' 'original.ply'],2.053608759,12.455065140287239,0.05563759753963667,1.8118491175732647,35.951738587576,0.221709174026023,20.803443582071004,1.7281628613909008
['data' 'LabeledDB_new' 'Airplane' '78' 'original.ply'],2.406254075,16.4111532191375,0.0435098746187928,1.9030209369033761,38.1344046804954,0.17365185060440214,19.853839373907757,1.920757187680901
['data' 'LabeledDB_new' 'Airplane' '79' 'original.ply'],2.407611887,17.232529731363968,0.04838289151223364,1.9522222269983411,22.299396563342786,0.17900813446464936,21.61743950002154,1.0315466160236308
['data' 'LabeledDB_new' 'Airplane' '80' 'original.ply'],2.554367552,17.38505759562649,0.05751058063358801,1.922655954913752,24.47673929452621,0.1956567541938977,23.261120177576757,1.052259698057073
['data' 'LabeledDB_new' 'Ant' '100' 'original.ply'],2.366413221,14.191711193683542,0.0666994081689818,1.7251555833690873,5.781867292060546,0.16000148393600108,1.4904266109822981,3.8793371303601996
['data' 'LabeledDB_new' 'Ant' '81' 'original.ply'],2.175360147,10.26043950251265,0.07873888964556208,1.8382229168878677,8.669879702800028,0.1733269985959013,1.3225365594917928,6.555493411941351
['data' 'LabeledDB_new' 'Ant' '82' 'original.ply'],2.778507015,9.950914867302858,0.07192110360760778,1.8488917528134188,7.068746460205411,0.16525605286238568,1.6394254216177697,4.311721879504612
['data' 'LabeledDB_new' 'Ant' '83' 'original.ply'],2.32874671,9.617214074229457,0.08533983365717508,1.9099718046336671,13.614363721084326,0.20341935309109357,3.0922256742472185,4.402771710508694
['data' 'LabeledDB_new' 'Ant' '84' 'original.ply'],2.215585276,11.855395657235656,0.06263696860878952,1.7944004601948054,6.31439933806598,0.13962885172791006,1.0548201048819907,5.986233395477811
['data' 'LabeledDB_new' 'Ant' '85' 'original.ply'],2.689455745,11.099982323477892,0.10679596798755546,1.8963938143335914,21.165505151755326,0.2427951192820258,6.13258053988531,3.4513211875650573
['data' 'LabeledDB_new' 'Ant' '86' 'original.ply'],2.445923583,8.585087741474666,0.1255524542417793,1.8704414852783653,8.571988078084717,0.24750807256823507,1.287705346583409,6.656793109408341
['data' 'LabeledDB_new' 'Ant' '87' 'original.ply'],2.663823593,8.546417725738404,0.07239211548328704,1.9079791605187417,9.375319365600468,0.15558664747773773,2.202488049912987,4.256694771157036
['data' 'LabeledDB_new' 'Ant' '88' 'original.ply'],2.847303205,10.389450526314398,0.05015730176485539,1.861510544536948,7.055806527722675,0.14490060436362331,2.6786536498540907,2.634086914561355
['data' 'LabeledDB_new' 'Ant' '89' 'original.ply'],2.581576438,14.071425042891496,0.08775444911124393,1.852446567766093,13.4280264342214,0.19085374270131206,4.095571606991618,3.278669676119981
['data' 'LabeledDB_new' 'Ant' '90' 'original.ply'],2.697030497,10.697863157485596,0.07467831538582302,1.8366656884469281,6.51712077663069,0.17194646727024557,1.9117339277334584,3.4090103659756426
['data' 'LabeledDB_new' 'Ant' '91' 'original.ply'],2.869964931,9.783587299216002,0.07875939319391115,1.8221448612393452,6.911206117471659,0.16560020461974104,1.5820564489822084,4.368495272035253
['data' 'LabeledDB_new' 'Ant' '92' 'original.ply'],2.189545086,8.95803283953016,0.09679872653003144,1.946821103593413,14.619722795982526,0.22354875273766892,1.9192437792030794,7.617439198918764
['data' 'LabeledDB_new' 'Ant' '93' 'original.ply'],2.849598762,8.651663286686926,0.07580960770039487,1.8964555015712727,11.223815841697416,0.21171964294253395,3.581964258168955,3.1334248565156977
['data' 'LabeledDB_new' 'Ant' '94' 'original.ply'],2.276848176,14.714779181641473,0.05266737322734983,1.8281657487274572,20.842237516603994,0.16543248469060245,11.992463892162917,1.737944571192281
['data' 'LabeledDB_new' 'Ant' '95' 'original.ply'],2.445665084,8.763817415283443,0.11994867937675842,1.881393298067636,21.429674823938615,0.2525467284120945,5.78999818444162,3.7011539798963278
['data' 'LabeledDB_new' 'Ant' '96' 'original.ply'],2.59129351,14.32061312762197,0.06013288056747039,1.8748324531087084,23.568844635139758,0.23328925417450863,13.0653520090373,1.8039196049855524
['data' 'LabeledDB_new' 'Ant' '97' 'original.ply'],2.510812251,13.97272678335498,0.1401391905553096,1.8446480902871256,20.222019457872424,0.24010311332917014,7.79025034955273,2.5958112448893833
['data' 'LabeledDB_new' 'Ant' '98' 'original.ply'],2.316680912,8.032621820026218,0.09084218963380751,1.934170964091958,12.417156653599234,0.2277360003395072,1.6286754039443234,7.624083119034881
['data' 'LabeledDB_new' 'Ant' '99' 'original.ply'],2.217973129,14.42242800199395,0.048394485449237606,1.8128002093457487,10.626145063154954,0.13480243925965263,3.2541210705292123,3.265442444471448
['data' 'LabeledDB_new' 'Armadillo' '281' 'original.ply'],3.043360521,7.634523370348588,0.09638832955822636,1.7153211903731174,3.9360560660372594,0.28774422548772227,2.837244724087444,1.387281129689379
['data' 'LabeledDB_new' 'Armadillo' '282' 'original.ply'],3.289124931,7.810966701374363,0.14907397922600996,1.8248408551889783,5.711594932033795,0.3185014386493033,2.4925047056881935,2.2915081841166653
['data' 'LabeledDB_new' 'Armadillo' '283' 'original.ply'],2.609718047,8.794851224295986,0.08580552772414915,1.9896561474769812,14.16046087786814,0.30941360512788035,2.427596763499568,5.833119029807382
['data' 'LabeledDB_new' 'Armadillo' '284' 'original.ply'],3.408715296,7.520650379026471,0.09267646268851326,1.6577509413928908,2.771135030473443,0.30186280430538487,1.7032380568123562,1.6269804560729915
['data' 'LabeledDB_new' 'Armadillo' '285' 'original.ply'],3.813834789,7.9370039058864235,0.10845035845352609,1.725435544793691,4.642604895634935,0.2922261149390748,1.8558955829252488,2.501544234680108
['data' 'LabeledDB_new' 'Armadillo' '286' 'original.ply'],4.577652173,8.839777554884634,0.13298567743588757,1.6997228388340808,2.0803512147924734,0.28685798962675224,1.3352689715672417,1.558001615472805
['data' 'LabeledDB_new' 'Armadillo' '287' 'original.ply'],4.26706095,8.563210449045568,0.10023270107228227,1.8594117907108743,3.531472676279615,0.2760316301940913,1.752847440967089,2.014706239540855
['data' 'LabeledDB_new' 'Armadillo' '288' 'original.ply'],4.398618095,8.091947838703035,0.10157254978851506,1.7579494411443264,1.9814899134186912,0.2725609647082837,1.2194778093405891,1.6248675443222262
['data' 'LabeledDB_new' 'Armadillo' '289' 'original.ply'],3.631510118,8.562732601378748,0.05589392665695596,1.839606188266805,2.7083893830247656,0.20674108835767624,2.2012091816718096,1.2304098154668586
['data' 'LabeledDB_new' 'Armadillo' '290' 'original.ply'],2.84573892,9.89551092845532,0.07635939472333202,1.9415386123482934,4.6267572486506845,0.2032031035599717,2.084453322786684,2.219650206637979
['data' 'LabeledDB_new' 'Armadillo' '291' 'original.ply'],4.062041478,7.414542034064435,0.17689646340329077,1.917101695211207,5.460120051390497,0.430270726623796,1.2819429279197203,4.259253616111393
['data' 'LabeledDB_new' 'Armadillo' '292' 'original.ply'],3.062498926,6.886303703231097,0.09704473741189039,1.6662220931837122,4.329088880153008,0.29754237381397036,3.4053642722918305,1.2712557406492977
['data' 'LabeledDB_new' 'Armadillo' '293' 'original.ply'],3.149469428,6.8066434917635465,0.14774406453437577,1.8361274523815438,5.536841230404683,0.3271918327960351,2.498716722221731,2.2158739248687653
['data' 'LabeledDB_new' 'Armadillo' '294' 'original.ply'],2.338783316,7.725135342671974,0.10290276195574669,1.960498960498369,15.329867292834614,0.3239692389344402,1.7554640417968397,8.732658105114718
['data' 'LabeledDB_new' 'Armadillo' '295' 'original.ply'],2.698109311,5.5073641090851195,0.09919825494802235,1.6158257002395116,4.941143313701628,0.34978819062476035,2.137813902214551,2.311306568164386
['data' 'LabeledDB_new' 'Armadillo' '296' 'original.ply'],3.573307265,6.23633130414586,0.1422637604792502,1.7771830553035404,7.675141322786421,0.37256672313214567,2.5993785798744016,2.9526831459684
['data' 'LabeledDB_new' 'Armadillo' '297' 'original.ply'],4.105541119,6.617497222015084,0.14874205939527693,1.7399044921825637,2.5115009099859016,0.3512649502151348,1.2509618850271977,2.00765582072974
['data' 'LabeledDB_new' 'Armadillo' '298' 'original.ply'],4.024037758,7.369896869838854,0.10217416420967107,1.8633445616889523,3.459033115763884,0.2775622861827428,1.9288524384136847,1.7933114254238347
['data' 'LabeledDB_new' 'Armadillo' '299' 'original.ply'],4.183994036,7.105600251188411,0.09832665940998184,1.7744855746563546,2.1498820302135213,0.27996685347215305,1.3155584883190135,1.6341972244507237
['data' 'LabeledDB_new' 'Armadillo' '300' 'original.ply'],3.371262803,7.491567916845374,0.05726641270562523,1.82275807301623,2.4683735711592747,0.21020918211970915,2.1744954478205574,1.135147729848441
['data' 'LabeledDB_new' 'Bearing' '341' 'original.ply'],1.792620132,3.645257558881629,0.3576602974407033,1.5627879785477023,15.016175165756046,0.7553632291956385,1.0015393490089841,14.993095558965749
['data' 'LabeledDB_new' 'Bearing' '342' 'original.ply'],2.750507766,3.645263455332122,0.3576593036505621,1.9358082447000378,15.016160562741328,0.7553623312064623,1.0015382569723452,14.993097326242188
['data' 'LabeledDB_new' 'Bearing' '343' 'original.ply'],2.552299738,3.645263215949617,0.35766016074892193,1.8647548328840249,15.025741436017933,0.7553624189717761,1.0,15.025741436017933
['data' 'LabeledDB_new' 'Bearing' '344' 'original.ply'],1.962305279,2.5277225107314356,0.4828880392745949,1.298653600424556,6.334481497301695,0.8203015547313606,1.0134807393696557,6.250223858463742
['data' 'LabeledDB_new' 'Bearing' '345' 'original.ply'],1.959582697,2.594942856146078,0.4661340828179355,1.2943798456860203,6.6324822313453495,0.8060769919466874,1.0310113220346913,6.432986805863789
['data' 'LabeledDB_new' 'Bearing' '346' 'original.ply'],1.956009899,2.5664941956387217,0.4640289945703964,1.2937444523901815,6.410560043585456,0.8073819363546102,1.0071621686621903,6.364973033191446
['data' 'LabeledDB_new' 'Bearing' '347' 'original.ply'],4.27041123,1.9523243841985418,0.7003576723270338,1.922393289964148,8.37905492463563,0.9533247061307651,1.0686372174652405,7.840878819951987
['data' 'LabeledDB_new' 'Bearing' '348' 'original.ply'],0.484242773,3.8395065434280173,0.6675326480576835,1.0131312121503906,26.59364365423082,0.9315552271991913,1.033629848995966,25.728401400233373
['data' 'LabeledDB_new' 'Bearing' '349' 'original.ply'],1.467524185,3.839506868312971,0.6675294647760772,1.7637101302453138,20.02155269347888,0.9315569941602846,1.019157949759006,19.645191109202703
['data' 'LabeledDB_new' 'Bearing' '350' 'original.ply'],1.625176163,3.764699603496949,0.6662474741154638,1.8634108808974112,32.264832154768314,0.933152956431824,1.0074725224347587,32.02552073260907
['data' 'LabeledDB_new' 'Bearing' '351' 'original.ply'],2.628244339,3.048022378178086,0.4544265464945849,1.8832681959364497,17.48315006530806,0.7587131341388116,1.1323804078087751,15.43929049350034
['data' 'LabeledDB_new' 'Bearing' '352' 'original.ply'],2.075969717,2.9050888002145516,0.469811497159755,1.6659565804235614,10.188099835356354,0.7912207019605293,1.0474253757677838,9.72680256852501
['data' 'LabeledDB_new' 'Bearing' '353' 'original.ply'],1.402993168,4.689700464416725,0.27036003218226334,1.830469449422071,31.882021811666156,0.5849114188783432,1.0019774593479664,31.819100833279506
['data' 'LabeledDB_new' 'Bearing' '354' 'original.ply'],0.913352418,3.5369269888492196,0.3004545623285866,1.2471467619177625,16.80350302538536,0.6055533150778825,1.0187272722747263,16.494604083647086
['data' 'LabeledDB_new' 'Bearing' '355' 'original.ply'],1.621179973,4.171915602286131,0.7728420472301821,1.9989841167302835,41.39309271296156,0.9998353876903602,1.0158036337153078,40.74910872445502
['data' 'LabeledDB_new' 'Bearing' '356' 'original.ply'],1.621251035,4.170820936607645,0.7728380918562249,1.9991147363453636,41.39301384025345,0.9998342763827419,1.0162681340670334,40.730406132682255
['data' 'LabeledDB_new' 'Bearing' '357' 'original.ply'],1.807645558,16.012257195722125,0.8299047812775969,1.992112709067823,150.63648754972905,0.8299047792441867,3.432204109826867,43.889140252013654
['data' 'LabeledDB_new' 'Bearing' '358' 'original.ply'],2.460135494,11.824202774746132,0.09403071909818232,1.3403465883151966,2.508584480167794,0.2793295939228466,1.0041394076364933,2.498243233051084
['data' 'LabeledDB_new' 'Bearing' '359' 'original.ply'],2.475822242,11.826745873812968,0.09403064983686715,1.3445719099592492,2.551886543243518,0.27932885078030756,1.006776793302872,2.534709341950262
['data' 'LabeledDB_new' 'Bearing' '360' 'original.ply'],0.024015347,3.66124003486619,0.6663725778549345,0.1943958646502683,20.943799713130787,0.9067907322191839,1.0198200547659408,20.536760005114438
['data' 'LabeledDB_new' 'Bird' '241' 'original.ply'],1.391808088,8.455247519712824,0.06709808567510732,1.9879284240602413,32.69756238539814,0.2670850727373852,13.99968365491829,2.3355929456242404
['data' 'LabeledDB_new' 'Bird' '242' 'original.ply'],2.830909962,9.873059069222489,0.07519952641731982,1.8179114726691994,5.028514949850704,0.2841304942850939,2.8694715024714235,1.7524185012883857
['data' 'LabeledDB_new' 'Bird' '243' 'original.ply'],1.390810548,7.461801869609301,0.09823485928424032,1.9925540770022734,63.79470381741669,0.4344017392042631,4.8881022414977675,13.051016665696688
['data' 'LabeledDB_new' 'Bird' '244' 'original.ply'],1.740758728,13.193936076779696,0.11756393101113295,1.9680809833386026,56.016835323063965,0.38520343789576944,8.181586455152079,6.846696008179348
['data' 'LabeledDB_new' 'Bird' '245' 'original.ply'],2.424967908,15.855834749204599,0.05061764810069331,1.8153853402984674,5.180941657719242,0.20753204217710272,2.803980303325466,1.8477097187789608
['data' 'LabeledDB_new' 'Bird' '246' 'original.ply'],1.63128602,11.164518224162705,0.08511667829513209,1.9493353497319088,21.185698586054976,0.2992916249582919,1.9138789423219353,11.069508168762386
['data' 'LabeledDB_new' 'Bird' '247' 'original.ply'],2.075568858,13.033053486645834,0.05744252569731757,1.8563902933784335,7.9485362083301085,0.23969102119946817,1.9127559130119003,4.155541307836834
['data' 'LabeledDB_new' 'Bird' '248' 'original.ply'],2.805618529,18.836373658241065,0.04727493109324278,1.5817022682758102,2.168779309073782,0.1807005859950114,2.0639813241046014,1.0507746769533606
['data' 'LabeledDB_new' 'Bird' '249' 'original.ply'],1.384294854,11.650760452665395,0.06039982958153679,1.9659479376422773,30.40157618794797,0.25391092887029193,5.359258030262809,5.672721114802739
['data' 'LabeledDB_new' 'Bird' '250' 'original.ply'],1.691937102,14.32808362889696,0.11433470096413327,1.9148128287108004,82.8911232073694,0.4131821826690389,44.092630587250085,1.8799314557416853
['data' 'LabeledDB_new' 'Bird' '251' 'original.ply'],1.390810548,7.461801869609301,0.09823485928424032,1.9925540770022734,63.79470381741669,0.4344017392042631,4.8881022414977675,13.051016665696688
['data' 'LabeledDB_new' 'Bird' '252' 'original.ply'],2.212830616,13.27365044161315,0.059577389213999944,1.7373312077978922,6.56072299713001,0.2081191041732741,2.169835954401167,3.023603228540216
['data' 'LabeledDB_new' 'Bird' '253' 'original.ply'],2.234142223,15.02752960239593,0.056497978693081305,1.839706247587894,21.698095946236144,0.2423811256751755,13.564911488002064,1.5995751955645081
['data' 'LabeledDB_new' 'Bird' '254' 'original.ply'],1.516198088,13.519256724856064,0.1198295338760048,1.9948460523799736,90.74725081782394,0.41460743727574595,17.161231448795903,5.28792185389418
['data' 'LabeledDB_new' 'Bird' '255' 'original.ply'],1.992186019,9.079999307335731,0.08048954544235515,1.9415843855300297,8.684375406608284,0.2887156257407161,2.01953941227167,4.30017624505763
['data' 'LabeledDB_new' 'Bird' '256' 'original.ply'],2.027420816,10.16695869545242,0.02915341676128924,1.9408442113976023,10.670060766206207,0.276680254031829,9.897098334472041,1.078099904195344
['data' 'LabeledDB_new' 'Bird' '257' 'original.ply'],1.933832245,58.26386039447054,0.06635864965230927,1.9144403273402155,74.04343370609531,0.21653983034491764,21.362478576255107,3.4660506945292533
['data' 'LabeledDB_new' 'Bird' '258' 'original.ply'],3.037991482,22.006031449672264,0.04297675673001873,1.6185285526400106,5.956618072140181,0.16868887338963054,3.8036401549310637,1.5660309149954637
['data' 'LabeledDB_new' 'Bird' '259' 'original.ply'],3.056228952,11.087522716446834,0.0856501370737264,1.8049800843122512,8.487885290170649,0.24228490633140148,5.539286142362588,1.5323067037931424
['data' 'LabeledDB_new' 'Bird' '260' 'original.ply'],2.450986452,14.867421346478599,0.06792211758551307,1.3620936272182558,4.4421983220484345,0.2224365623505706,1.3389478937534993,3.317678262740704
['data' 'LabeledDB_new' 'Bust' '301' 'original.ply'],4.853562981,2.750534176647421,0.39373644468573754,1.944219565978888,5.307025810819332,0.6928676542238269,1.1742474786319461,4.519512204533126
['data' 'LabeledDB_new' 'Bust' '302' 'original.ply'],5.938424116,3.5128688167846556,0.2951682872553667,1.8360352465174876,4.72378372791663,0.6506633714064137,1.6887730693981144,2.7971690297028515
['data' 'LabeledDB_new' 'Bust' '303' 'original.ply'],3.843803535,3.0296864948934807,0.26697795721484613,1.6104817627545074,3.4775944961639813,0.6916428664342306,1.8062679927240834,1.9252926532343204
['data' 'LabeledDB_new' 'Bust' '304' 'original.ply'],4.453504381,3.9652366065087983,0.28708163141189036,1.951628136187098,9.022934002896609,0.5519610607873018,1.3213776578161611,6.8284293665209965
['data' 'LabeledDB_new' 'Bust' '305' 'original.ply'],7.408598652,3.5309975117643786,0.2964895349374584,1.9469985343483232,2.551427994782011,0.6616083048072328,1.471715561439464,1.733642058039052
['data' 'LabeledDB_new' 'Bust' '306' 'original.ply'],4.672392481,2.399615200133371,0.28903887787278704,1.7107212064522028,3.917880064184855,0.6884500380313312,1.4095024201169624,2.779619253055092
['data' 'LabeledDB_new' 'Bust' '307' 'original.ply'],7.653518233,2.229545104386013,0.25919454680674137,1.9354647983493825,2.2440222320059875,0.741322648627636,1.0987120538516106,2.0424115892234123
['data' 'LabeledDB_new' 'Bust' '308' 'original.ply'],8.530232133,1.7068893686167985,0.3704643772740417,1.925382106821034,1.8220039726979198,0.8393350705632134,1.1864549638288309,1.5356705717831016
['data' 'LabeledDB_new' 'Bust' '309' 'original.ply'],5.382422937,2.5858107900845813,0.39624555623317653,1.6717956921477597,2.2222415896039696,0.8146956541488746,1.4412414920630898,1.541893986428953
['data' 'LabeledDB_new' 'Bust' '310' 'original.ply'],8.093446242,1.4651551782932704,0.409413621019047,1.9024624030783646,2.154353357395472,0.9054078692817793,2.094377149707248,1.0286367752324872
['data' 'LabeledDB_new' 'Bust' '311' 'original.ply'],6.15666876,3.500766025238596,0.30734240086204045,1.856492168636977,4.501666114036826,0.5999204656971134,1.1992461436393171,3.753746583145769
['data' 'LabeledDB_new' 'Bust' '312' 'original.ply'],5.794277139,3.4688108659321526,0.2532823779860238,1.6976915316922772,4.191134015079932,0.6350750093683327,2.1401516705284296,1.9583350436303846
['data' 'LabeledDB_new' 'Bust' '313' 'original.ply'],6.323545607,3.3359182597115953,0.27229472452838255,1.7528812834341854,2.887023520717399,0.6773719905931298,1.438188849921267,2.0074022412810724
['data' 'LabeledDB_new' 'Bust' '314' 'original.ply'],4.646911956,3.250665884068877,0.2796582754785496,1.7739542099301107,5.697824068844606,0.6006870407129864,2.724650760368029,2.0912126250172993
['data' 'LabeledDB_new' 'Bust' '315' 'original.ply'],5.384101783,1.8862527180846211,0.3427212678035861,1.725616995561922,2.398461272257375,0.8559233474563368,1.0581290629974407,2.266700118285265
['data' 'LabeledDB_new' 'Bust' '316' 'original.ply'],5.799751692,2.569391869617426,0.308700136498737,1.7636558219143947,2.510841098709689,0.7681663183477012,1.076806648897976,2.3317473952072363
['data' 'LabeledDB_new' 'Bust' '317' 'original.ply'],5.638353577,1.7276952607466025,0.3717097366316451,1.8149197568136641,3.0878868932459684,0.8569968401885211,1.3445351964282342,2.2966203498792432
['data' 'LabeledDB_new' 'Bust' '318' 'original.ply'],4.547592489,2.547940452761773,0.25961692410470555,1.7767982135097682,3.829016551271055,0.75740167883362,1.334635923828254,2.868959603820605
['data' 'LabeledDB_new' 'Bust' '319' 'original.ply'],6.234701868,1.841964065789732,0.4295135708223344,1.946473665011971,4.388013794202747,0.769790834402923,1.3288447792420384,3.3021266763042347
['data' 'LabeledDB_new' 'Bust' '320' 'original.ply'],7.328716403,2.3567042558091744,0.3047160603745916,1.7957608284250433,2.135102286671446,0.8233153834524516,1.6257427485208455,1.3133088175321912
['data' 'LabeledDB_new' 'Chair' '101' 'original.ply'],2.266272282,32.04293688690994,0.05618656146372651,1.9252015247781529,5.121612018572908,0.08641859969720522,1.4409394090333956,3.5543562667972037
['data' 'LabeledDB_new' 'Chair' '102' 'original.ply'],3.929325511,28.317494196015986,0.05868974905979982,1.9804089563108938,3.2856153799485384,0.13245581440374135,1.392497334897472,2.3595128677143604
['data' 'LabeledDB_new' 'Chair' '103' 'original.ply'],2.613103712,20.70364616517283,0.07239430273990236,1.9275927506491204,3.097442362727244,0.1155029898273954,1.229450516944592,2.519371312661652
['data' 'LabeledDB_new' 'Chair' '104' 'original.ply'],2.385170902,42.03731545288233,0.06896590439391902,1.8970012551733324,4.434785445236078,0.09345192995981828,1.2995046592724564,3.4126737550282784
['data' 'LabeledDB_new' 'Chair' '105' 'original.ply'],2.380560981,46.08308869475865,0.07166290388974879,1.8430485709739175,4.594849568326502,0.09710113015305752,1.2975978273056847,3.541042896062171
['data' 'LabeledDB_new' 'Chair' '106' 'original.ply'],3.343648056,34.10608260105738,0.0640716075043648,1.82434031757937,2.1749598897553604,0.10082063840315962,1.1790816143918996,1.844622003437036
['data' 'LabeledDB_new' 'Chair' '107' 'original.ply'],3.689781753,27.055881338880617,0.060547161977250956,1.9423364710201934,3.9516710157816486,0.1562580077517472,1.6171708397221274,2.4435705360978743
['data' 'LabeledDB_new' 'Chair' '108' 'original.ply'],3.591025734,25.73278062499597,0.058498487073851975,1.9615943809046796,3.8797117788343707,0.1506493633449978,1.630381072267004,2.379634948435539
['data' 'LabeledDB_new' 'Chair' '109' 'original.ply'],1.937597376,19.609011117841302,0.05492442982110963,1.7694801491905388,2.4636939942556064,0.08128350074330183,1.3106001844223232,1.8798211869179127
['data' 'LabeledDB_new' 'Chair' '110' 'original.ply'],2.114218203,33.63548055921732,0.06165020944026358,1.863781166345856,5.997182715661905,0.10105203345257306,1.7033013728973694,3.5209169739941606
['data' 'LabeledDB_new' 'Chair' '111' 'original.ply'],2.093151541,31.07956414764502,0.060146515475460224,1.894145592397688,5.808872241749468,0.09859280919347409,1.698177843156751,3.420650119278042
['data' 'LabeledDB_new' 'Chair' '112' 'original.ply'],2.739410661,24.84878692440231,0.07658645005578801,1.840996159264079,2.6843577178944233,0.10367805596334818,1.2941134800902139,2.0742830974199373
['data' 'LabeledDB_new' 'Chair' '113' 'original.ply'],2.317938387,33.635598235814584,0.05147167309063658,1.7124879071293364,3.827426838673982,0.09019625127155859,1.7579149001901524,2.177253767096446
['data' 'LabeledDB_new' 'Chair' '114' 'original.ply'],1.007649294,20.11070896394995,0.0349528352401524,1.6479341009384119,3.7982767123571852,0.05103991592011247,1.3802152270784922,2.7519452313223747
['data' 'LabeledDB_new' 'Chair' '115' 'original.ply'],2.227529079,31.031674107008378,0.04793125619125248,1.7441625976440345,3.8431844003621713,0.08388800252564761,1.7820503556171177,2.1566081947394187
['data' 'LabeledDB_new' 'Chair' '116' 'original.ply'],3.609377712,31.445983586746454,0.06871331021495508,1.9057100518249124,3.5469270561806803,0.13184003192499488,1.392042916201459,2.5480012253209603
['data' 'LabeledDB_new' 'Chair' '117' 'original.ply'],3.451179108,70.59365519090981,0.04922148066210855,1.845529346494804,2.7337619691271406,0.07412800545279573,1.6508345695034892,1.6559878376846426
['data' 'LabeledDB_new' 'Chair' '118' 'original.ply'],2.259433926,24.943630550545087,0.0635031522646083,1.9203032672998683,5.437107681126729,0.10025027514231823,1.4870184101139747,3.656382223747986
['data' 'LabeledDB_new' 'Chair' '119' 'original.ply'],2.989903271,31.101349465532532,0.06571859546530542,1.8856522295081477,2.239137943122613,0.10186442829151707,1.0258533447043665,2.182707649861876
['data' 'LabeledDB_new' 'Chair' '120' 'original.ply'],2.750282133,31.026274888034255,0.07832151316231645,1.836175393344709,5.06957368906186,0.11828052513251068,1.5573819643588693,3.2551896741329363
['data' 'LabeledDB_new' 'Cup' '21' 'original.ply'],8.532710255,38.759485138728834,0.1683732801336339,1.7103743003748193,1.868098654110314,0.29698277278279045,1.2115428673066642,1.5419170914383034
['data' 'LabeledDB_new' 'Cup' '22' 'original.ply'],11.40852886,22.26980294798222,0.24126783450959047,1.8914017607775886,1.7265964247583108,0.393592595509586,1.1791538140851583,1.4642673450519121
['data' 'LabeledDB_new' 'Cup' '23' 'original.ply'],8.328272924,25.11173537133742,0.17299801660956474,1.797506381686279,2.270047435466363,0.3472446769172793,1.6311118950750543,1.3917177860823022
['data' 'LabeledDB_new' 'Cup' '24' 'original.ply'],11.53143552,14.476848254139535,0.2906095795362107,1.906886293629028,1.752185402899009,0.47320913220917693,1.1986712471889627,1.4617731150289186
['data' 'LabeledDB_new' 'Cup' '25' 'original.ply'],11.91953021,106.37305742485826,0.16443302476871044,1.981659057254465,2.299204897533741,0.23422480468464216,1.0124654326296525,2.2708971817063133
['data' 'LabeledDB_new' 'Cup' '26' 'original.ply'],10.73081163,85.66328687082022,0.14797122703524518,1.9181081842178858,2.5284379976294304,0.24913741161078465,1.8653617159313516,1.3554679374166385
['data' 'LabeledDB_new' 'Cup' '27' 'original.ply'],9.935083355,48.52450247914246,0.18623253986563645,1.8312246835955206,2.169953872695082,0.3114541409504957,1.5072103677951572,1.4397153304282455
['data' 'LabeledDB_new' 'Cup' '28' 'original.ply'],8.754257895,38.90406095315477,0.16794629180445333,1.732562879260692,1.8160855931300308,0.2974304679607367,1.1235176480177762,1.61642818547101
['data' 'LabeledDB_new' 'Cup' '29' 'original.ply'],8.964377228,65.40300531099518,0.15628891546876353,1.8539836396234637,2.2030730008091517,0.2517241865195816,1.9815168321106866,1.1118113987769995
['data' 'LabeledDB_new' 'Cup' '30' 'original.ply'],4.257558864,26.836730812667287,0.09250720888474435,1.7059665400629382,3.7038130522844446,0.158614402224644,1.0008786297919883,3.7005616285904765
['data' 'LabeledDB_new' 'Cup' '31' 'original.ply'],10.69465008,13.271385081945702,0.254071777227852,1.8902621631794094,1.8877247604065999,0.5021533560103337,1.7921227977953065,1.0533456539523431
['data' 'LabeledDB_new' 'Cup' '32' 'original.ply'],9.68218533,75.77441179382842,0.15539084059123223,1.8058373570281747,2.0154765815228397,0.2555478625639185,1.4616243220409535,1.3789292851315647
['data' 'LabeledDB_new' 'Cup' '33' 'original.ply'],10.44848657,23.421888822624485,0.2245542287439493,1.8190191313083812,1.3750871415574952,0.37912800883528175,1.0208064126458563,1.3470596623637667
['data' 'LabeledDB_new' 'Cup' '34' 'original.ply'],11.14757432,16.137335305359155,0.28289864643291646,1.9225282363669456,1.6805600588307597,0.4748725580578256,1.5097087835740521,1.1131683653931177
['data' 'LabeledDB_new' 'Cup' '35' 'original.ply'],6.277348326,17.019756318134338,0.2448352570977194,1.7870274908710135,3.470056529566388,0.3165567214735984,1.1614112581932359,2.98779308800969
['data' 'LabeledDB_new' 'Cup' '36' 'original.ply'],8.935174312,88.47623154949707,0.08629972942557278,1.7408865146622685,1.6837502533426174,0.2332400548572781,1.2606966771481947,1.335571262987229
['data' 'LabeledDB_new' 'Cup' '37' 'original.ply'],12.47798728,32.96669899595475,0.2302711870009967,1.8456000030014899,1.2404188270788332,0.3535836508523179,1.1093757822291799,1.1181232247438604
['data' 'LabeledDB_new' 'Cup' '38' 'original.ply'],11.15897331,35.7245707027603,0.21405989492325514,1.87531855287508,2.1851190027780345,0.338162900050977,2.0900999356992624,1.0454614946662741
['data' 'LabeledDB_new' 'Cup' '39' 'original.ply'],11.65944235,162.47341688540678,0.12273057844764715,1.8749237114550876,1.6604012488481426,0.18570718986424192,1.3337515459345135,1.2449104587052282
['data' 'LabeledDB_new' 'Cup' '40' 'original.ply'],11.28277655,81.05833905866078,0.2022566823639632,1.9958789069460159,3.147375845771642,0.28510557633247463,1.0055201553522328,3.1300972228340056
['data' 'LabeledDB_new' 'Fish' '221' 'original.ply'],2.451626017,3.432858159938755,0.17186827261336443,1.7993183506014365,12.5397404556416,0.4610503468397073,2.855319843378024,4.391711312035114
['data' 'LabeledDB_new' 'Fish' '222' 'original.ply'],1.8406226,3.2743468290978215,0.19557333888756553,1.8356346130046604,15.329159934212237,0.5763869939050953,1.7091651949208146,8.96879949332366
['data' 'LabeledDB_new' 'Fish' '223' 'original.ply'],2.206151162,5.0421421337583165,0.11878057703394734,1.8095882565773436,12.623430604286115,0.413905796365877,2.206775143950415,5.720306683212196
['data' 'LabeledDB_new' 'Fish' '224' 'original.ply'],1.771415213,4.052184000682691,0.1876789397845868,1.8418089200047705,21.02771583637324,0.5786945292754149,1.3493578797104167,15.583498012318245
['data' 'LabeledDB_new' 'Fish' '225' 'original.ply'],2.079230171,4.860510111675213,0.13153518301631859,1.8204449498355324,11.01046616506535,0.41890746489880054,1.178678892014688,9.341361960122507
['data' 'LabeledDB_new' 'Fish' '226' 'original.ply'],1.911427591,3.3057970736289586,0.2150578001339089,1.9073631508126838,15.669439856631925,0.5416737116348314,1.4126417203050485,11.092295825192133
['data' 'LabeledDB_new' 'Fish' '227' 'original.ply'],1.911427591,3.3057970736289586,0.2150578001339089,1.9073631508126838,15.669439856631925,0.5416737116348314,1.4126417203050485,11.092295825192133
['data' 'LabeledDB_new' 'Fish' '228' 'original.ply'],1.960690186,3.5251395283045572,0.1844715246186155,1.8151040743348141,15.653970116736762,0.491793789037246,1.8218297462561694,8.592444024424026
['data' 'LabeledDB_new' 'Fish' '229' 'original.ply'],2.024837234,3.2572009030468547,0.21043378872801988,1.8954841373875642,14.050465970645938,0.5687282876079539,1.5520958860299825,9.052576001979377
['data' 'LabeledDB_new' 'Fish' '230' 'original.ply'],2.630009973,3.459048576523388,0.17770957983857777,1.8125102103777846,12.0239193655226,0.4750276067786073,2.768668471484875,4.3428527067648535
['data' 'LabeledDB_new' 'Fish' '231' 'original.ply'],2.08513765,3.8931792968138015,0.1582993136376702,1.8140244127684597,13.822423540112304,0.5266210369975991,1.5303800366735991,9.032020288343817
['data' 'LabeledDB_new' 'Fish' '232' 'original.ply'],1.877396299,4.023449364192092,0.21015805782731084,1.8474184836907657,22.990880798535006,0.5730768149779835,2.000904234626588,11.490245460360876
['data' 'LabeledDB_new' 'Fish' '233' 'original.ply'],3.04712807,4.10540214421535,0.14988081829757446,1.7104372242050998,5.128210458199734,0.4928775104907996,1.5065459653931,3.4039522032516554
['data' 'LabeledDB_new' 'Fish' '234' 'original.ply'],2.628779282,4.465662135040785,0.14227478294174042,1.8452713043561262,10.548342568749286,0.46659482856825885,2.3501451227336245,4.488379235270264
['data' 'LabeledDB_new' 'Fish' '235' 'original.ply'],1.845555633,4.034289062842752,0.16103616600360215,1.8557558022706324,18.624613743139474,0.5323110740682824,1.319513815059871,14.114754639605199
['data' 'LabeledDB_new' 'Fish' '236' 'original.ply'],1.643808371,4.767729654787849,0.13262910101709172,1.829733546321996,23.398510952990087,0.49506464668495,1.512700871442277,15.468035614126999
['data' 'LabeledDB_new' 'Fish' '237' 'original.ply'],1.489046454,4.488504781139934,0.16852222923562457,1.8331410469002294,30.70659204287829,0.5646038589794253,1.7911415069647278,17.14358799875826
['data' 'LabeledDB_new' 'Fish' '238' 'original.ply'],1.663834974,4.360445787069654,0.15739710418501066,1.8161566167572227,21.04508724076875,0.5040595619965146,1.3611844887776974,15.46086325128977
['data' 'LabeledDB_new' 'Fish' '239' 'original.ply'],1.86927536,3.72490383577163,0.22422019429661044,1.8761896950641164,26.019801935649333,0.7338805838233151,2.4366110838646398,10.678684878335227
['data' 'LabeledDB_new' 'Fish' '240' 'original.ply'],2.233843248,4.105583612463079,0.17114323763325123,1.7965109236923387,15.061589887069816,0.5453882277037958,2.380614989690033,6.3267642824642145
['data' 'LabeledDB_new' 'FourLeg' '381' 'original.ply'],2.834354357,3.4222988670774335,0.2446582633556269,1.7298318142280458,8.664050231289684,0.43261537331257116,2.392890038110207,3.620747336192744
['data' 'LabeledDB_new' 'FourLeg' '382' 'original.ply'],2.518692336,5.6335519340651805,0.11304022283551932,1.9265488367343664,9.877122552103891,0.28377699806242385,2.9335355416342628,3.366968769228335
['data' 'LabeledDB_new' 'FourLeg' '383' 'original.ply'],3.588505881,4.470691114362093,0.30799888951601867,1.8591598100388915,10.820672695008483,0.45823192571774535,1.771431604386972,6.10843380473226
['data' 'LabeledDB_new' 'FourLeg' '384' 'original.ply'],3.006333895,6.1312156258601345,0.19718860033628477,1.995454015857797,14.482786560968492,0.3440887459643155,3.4749722317378255,4.167741666737199
['data' 'LabeledDB_new' 'FourLeg' '385' 'original.ply'],3.080083855,6.031892635343162,0.1742802848745666,1.8291919014472309,15.186640570583917,0.350623288688519,4.730691577709912,3.2102368799818572
['data' 'LabeledDB_new' 'FourLeg' '386' 'original.ply'],3.304109106,5.646713166114224,0.10614112289724874,1.9012869810344943,8.930033372026646,0.26255483732021334,4.983173758445217,1.7920373249864108
['data' 'LabeledDB_new' 'FourLeg' '387' 'original.ply'],2.732164498,6.240706933446468,0.10830978986735472,1.9590283812048805,17.071075081488587,0.3557851581101604,6.272580796533669,2.7215392890470764
['data' 'LabeledDB_new' 'FourLeg' '388' 'original.ply'],3.712778226,5.076278936800111,0.23510735427286508,1.885917911993354,9.72346184530902,0.4294717004262321,3.177276485520385,3.060313412956404
['data' 'LabeledDB_new' 'FourLeg' '389' 'original.ply'],3.012498917,8.604408923967588,0.13578768529143811,1.9429246594843697,9.658529015421093,0.2571117103784257,2.7153386376133115,3.5570255884955126
['data' 'LabeledDB_new' 'FourLeg' '390' 'original.ply'],1.54371874,12.04448817112575,0.0586773001890051,1.820129167343635,15.250667328148385,0.16875153926153336,3.200056459803293,4.765749454647386
['data' 'LabeledDB_new' 'FourLeg' '391' 'original.ply'],3.077273067,5.1438767626407556,0.25940282404746784,1.7906381159498317,30.236289036951355,0.43241746240912227,5.028526232672863,6.012952431368657
['data' 'LabeledDB_new' 'FourLeg' '392' 'original.ply'],3.263267333,4.120672113703555,0.22934377039428888,1.8945734206108826,12.374706736081155,0.4542850395409133,2.7290413648302625,4.534451875869907
['data' 'LabeledDB_new' 'FourLeg' '393' 'original.ply'],2.526762996,7.522626951387524,0.1562980857256507,1.8801284963426268,44.85081070123183,0.30085120045655067,10.482037811149416,4.278825502186743
['data' 'LabeledDB_new' 'FourLeg' '394' 'original.ply'],2.385797334,7.1054245854239175,0.15088814585873053,1.8397242457257703,12.717659045942122,0.2724016046120095,7.509744573991287,1.6934875641426679
['data' 'LabeledDB_new' 'FourLeg' '395' 'original.ply'],2.614422205,6.786076285750733,0.0708112406374915,1.8054342484023835,14.20995277996871,0.2904117258205643,4.077525842164311,3.484944873439773
['data' 'LabeledDB_new' 'FourLeg' '396' 'original.ply'],2.785764738,6.742586861689458,0.17965471754526005,1.972889557203123,16.30252174940095,0.3791340270451778,5.941775352997995,2.743712237652222
['data' 'LabeledDB_new' 'FourLeg' '397' 'original.ply'],2.698757418,6.197159176333421,0.1759372708819966,1.824613710620697,14.863079897368237,0.3719972694328691,4.856792056198476,3.0602668850932684
['data' 'LabeledDB_new' 'FourLeg' '398' 'original.ply'],1.539604356,6.408061446496795,0.16672539813861564,1.4665438238521475,28.15122598979447,0.3629453389050497,7.179528264922955,3.921041181400874
['data' 'LabeledDB_new' 'FourLeg' '399' 'original.ply'],2.797704126,6.381029019961659,0.12507131216638312,1.9449947892537978,9.221859619310116,0.2924484217700925,4.963572309318302,1.8579077818605707
['data' 'LabeledDB_new' 'FourLeg' '400' 'original.ply'],2.36079031,7.337640909215608,0.138160274395867,1.8652539138313766,17.743494356794752,0.2273814628807769,3.9112638827354713,4.536511697693292
['data' 'LabeledDB_new' 'Glasses' '41' 'original.ply'],0.781510151,42.30878283651597,0.027520058445710777,1.4123988954294402,14.015160235708668,0.03780892797317506,11.615220956362013,1.2066202001979252
['data' 'LabeledDB_new' 'Glasses' '42' 'original.ply'],0.573384969,25.570571569476883,0.023229055860352073,1.4254587285534288,20.422404810913623,0.04606584777890256,9.773927513347124,2.0894778258816737
['data' 'LabeledDB_new' 'Glasses' '43' 'original.ply'],0.459976866,29.04187916840391,0.019230633853024495,1.3979824296042156,37.807271630307525,0.039653355421633445,18.317940431530907,2.063947733186717
['data' 'LabeledDB_new' 'Glasses' '44' 'original.ply'],0.881705016,45.74924258558871,0.026595351342470652,1.3806372391532633,22.85352565511226,0.04285249538572726,22.13690671390755,1.0323721353875739
['data' 'LabeledDB_new' 'Glasses' '45' 'original.ply'],0.756253776,24.709684683454554,0.02852315791892592,1.3931130892148476,25.95808677019815,0.06478320539178821,11.708015846792094,2.21712091185036
['data' 'LabeledDB_new' 'Glasses' '46' 'original.ply'],0.663461124,15.608050589466862,0.04527187563347944,1.8913761536236193,44.40354263183091,0.13847697472506804,2.36373231605493,18.785351594270384
['data' 'LabeledDB_new' 'Glasses' '47' 'original.ply'],0.630483201,14.892469063826043,0.15858095943832512,1.9851230704542382,251.2444464007982,0.3418785642115494,4.989660670442429,50.35301255837114
['data' 'LabeledDB_new' 'Glasses' '48' 'original.ply'],0.800924185,34.37352983971723,0.026831140101139798,1.5136334571512775,25.454325016775453,0.05062819143857804,11.90285945220521,2.1385050473783087
['data' 'LabeledDB_new' 'Glasses' '49' 'original.ply'],0.76975765,23.38655146655769,0.03516121714504199,1.6918023736323216,37.736684417977024,0.06892943390503929,8.165305508952068,4.621588791332332
['data' 'LabeledDB_new' 'Glasses' '50' 'original.ply'],0.859205874,35.42928118729716,0.03297452961235222,1.4323441996464805,14.107844458671698,0.04453123307596223,12.255747997888374,1.1511206383406736
['data' 'LabeledDB_new' 'Glasses' '51' 'original.ply'],0.615490074,20.205124953321913,0.028420940475872094,1.5516443445164705,26.07505077664384,0.05195112205297868,9.173279505653943,2.8425004122650472
['data' 'LabeledDB_new' 'Glasses' '52' 'original.ply'],0.45519483,13.555576510989715,0.03816362348672201,1.8868819115125826,43.456469290981865,0.09222590691951411,2.7074560269426464,16.050664852368598
['data' 'LabeledDB_new' 'Glasses' '53' 'original.ply'],0.652653521,19.203582460662673,0.03437705961406976,1.8181520985791901,46.883628250592196,0.09674582321675367,3.86140518578091,12.141597681391909
['data' 'LabeledDB_new' 'Glasses' '54' 'original.ply'],0.830055468,34.83992497667354,0.031786697785872994,1.432241521879476,14.158837920351894,0.043242292313655034,12.255629216436436,1.155292614545078
['data' 'LabeledDB_new' 'Glasses' '55' 'original.ply'],0.58753451,19.904879236691368,0.028028881389664105,1.5176976246855731,26.839257091086488,0.05175244793967126,9.30320679390301,2.8849468452830673
['data' 'LabeledDB_new' 'Glasses' '56' 'original.ply'],1.438253336,51.60633186927067,0.03356678774806637,1.510582722311184,15.729464943366683,0.07665353797177177,14.455446542198649,1.0881341435872556
['data' 'LabeledDB_new' 'Glasses' '57' 'original.ply'],0.830415155,34.86100823561574,0.0318263116078927,1.431498208963234,14.124220963331604,0.043103398464571584,12.24283633811565,1.1536722842041625
['data' 'LabeledDB_new' 'Glasses' '58' 'original.ply'],0.546461585,17.137116223706492,0.0829444497111629,1.9435315491364489,127.1834348845652,0.18939877647300876,2.373625133684593,53.581938057395604
['data' 'LabeledDB_new' 'Glasses' '59' 'original.ply'],0.794733638,16.518830413327137,0.049120150783706726,1.7643652856369467,33.44956970039636,0.08876026250957349,6.379149109968037,5.243578590776029
['data' 'LabeledDB_new' 'Glasses' '60' 'original.ply'],0.650122666,15.095865415769863,0.046428451454027485,1.8602732014440462,44.20480450362736,0.1233952392088422,2.9012891560091068,15.236262959888373
['data' 'LabeledDB_new' 'Hand' '181' 'original.ply'],2.887004473,7.321349083624388,0.13954353886006707,1.9442174391560447,21.846806132141385,0.4699660055458295,4.650364642017586,4.697869482050558
['data' 'LabeledDB_new' 'Hand' '182' 'original.ply'],4.174788288,5.9438939009605924,0.19834337688057474,1.9863520794455705,10.194782925742581,0.5072575546167493,2.858667784888283,3.566270617255721
['data' 'LabeledDB_new' 'Hand' '183' 'original.ply'],5.206758981,6.2834312285902,0.2251847846005019,1.8910766504134764,13.850732903319672,0.5040472522982042,7.757543809498927,1.7854533913633566
['data' 'LabeledDB_new' 'Hand' '184' 'original.ply'],3.375194259,7.633093982031087,0.18605668036621975,1.7975600706431654,12.175699851306506,0.4862835052942982,3.581664252370196,3.3994531573553095
['data' 'LabeledDB_new' 'Hand' '185' 'original.ply'],2.499121304,7.076897084009812,0.23400005680577107,1.6711487007037824,50.05062840459999,0.6194944909062832,15.395582772575684,3.25097329175195
['data' 'LabeledDB_new' 'Hand' '186' 'original.ply'],3.135112358,5.71251185376031,0.18660149449560517,1.8410697072373117,15.358836510425483,0.4707880247982617,4.216005646271321,3.64298290824373
['data' 'LabeledDB_new' 'Hand' '187' 'original.ply'],3.042686485,6.815640187381121,0.1549783219674759,1.9515854909376935,20.718378908021695,0.4984952985908106,4.485009426568786,4.619472767501426
['data' 'LabeledDB_new' 'Hand' '188' 'original.ply'],3.37286978,11.033990641004982,0.07193644201075387,1.8347543375769253,5.234073855406796,0.2338539970651612,1.7465060102168286,2.9968828190616907
['data' 'LabeledDB_new' 'Hand' '189' 'original.ply'],3.366281667,11.63678239929018,0.07964987720538999,1.5952851838105861,2.088844860670643,0.2497894847490959,1.9381385859100027,1.077758255191994
['data' 'LabeledDB_new' 'Hand' '190' 'original.ply'],2.381574499,12.433703921004176,0.10216201239612635,1.652581775006605,15.449605616720854,0.30694279268764824,7.445753450514689,2.0749553043087796
['data' 'LabeledDB_new' 'Hand' '191' 'original.ply'],4.930784505,6.066581658699559,0.16223992964966105,1.948814338924612,4.402558569937113,0.4509096274741626,1.7324212544028492,2.5412748537621908
['data' 'LabeledDB_new' 'Hand' '192' 'original.ply'],2.889525453,12.367842090938092,0.10640280869132601,1.8188275168189956,55.83169836702259,0.5199806293678003,22.324423060754572,2.500924580002806
['data' 'LabeledDB_new' 'Hand' '193' 'original.ply'],2.373233707,11.715856400733971,0.13669250551937173,1.6446666132196102,6.33493402324222,0.291431141989216,1.361498610404766,4.652912588253674
['data' 'LabeledDB_new' 'Hand' '194' 'original.ply'],2.85210679,12.40922707554683,0.139301507689476,1.778964562956532,11.320082996739904,0.31036110252359617,2.924174550152277,3.8712063191133406
['data' 'LabeledDB_new' 'Hand' '195' 'original.ply'],2.726053247,11.517125290602394,0.13748226622683832,1.7373832269048874,7.747939916046278,0.39539665826394377,1.5353000541165114,5.04653138992093
['data' 'LabeledDB_new' 'Hand' '196' 'original.ply'],2.291847065,11.881806751226103,0.07667798244444489,1.600780570466343,6.537061946245607,0.2942051112486819,4.095731450774638,1.596067033401136
['data' 'LabeledDB_new' 'Hand' '197' 'original.ply'],2.454054231,12.194890880607934,0.10754583541111995,1.6543432824462496,5.6326746111857,0.28246289241042777,1.521411328126276,3.7022694041083093
['data' 'LabeledDB_new' 'Hand' '198' 'original.ply'],2.429211724,6.162220030638485,0.1995091657216825,1.95791314459581,25.714171486422728,0.47875820652446166,2.246118613540232,11.448269620050564
['data' 'LabeledDB_new' 'Hand' '199' 'original.ply'],3.769310305,5.476126897563188,0.27081889642352286,1.958679967467558,12.866195743316451,0.5787988410618012,2.0019409151212146,6.426860875930208
['data' 'LabeledDB_new' 'Hand' '200' 'original.ply'],2.578771222,6.584701063735761,0.10379718135269146,1.7551062554087367,23.848563954475964,0.45157606030580777,10.052775267538646,2.3723363270126225
['data' 'LabeledDB_new' 'Human' '1' 'original.ply'],1.768765922,13.94805375677677,0.15426463508645522,1.806941037439437,59.6861179265879,0.2863664518097502,5.464822165925275,10.921877439809087
['data' 'LabeledDB_new' 'Human' '10' 'original.ply'],1.948067934,12.005490476401638,0.10585048262847153,1.9126620825544198,62.2412111473973,0.2513259872234393,8.77694562983212,7.091443170827505
['data' 'LabeledDB_new' 'Human' '11' 'original.ply'],2.253485689,9.843058263600751,0.0825433295928351,1.8095300672889478,40.57963567584607,0.22132349318454203,7.55124331059122,5.373901224839345
['data' 'LabeledDB_new' 'Human' '12' 'original.ply'],2.18889265,8.625703790822607,0.0851205276002539,1.8278535729621983,39.8664308177249,0.2384970649550915,6.554639879991645,6.082169508567374
['data' 'LabeledDB_new' 'Human' '13' 'original.ply'],2.770697179,6.352793506712923,0.14562068674929426,1.9724538739294428,23.8985592399167,0.4322177115354884,4.31035964099472,5.544446689000998
['data' 'LabeledDB_new' 'Human' '14' 'original.ply'],1.123705794,11.561256556099455,0.025907100674559733,1.389365246772986,3.821011777093381,0.11003191570311996,1.4292656485303956,2.673409090201136
['data' 'LabeledDB_new' 'Human' '15' 'original.ply'],1.851000776,11.824294217429852,0.10418200697324376,1.5719841193399542,10.29918849783274,0.32873571816556263,1.3926042850853386,7.395631772884863
['data' 'LabeledDB_new' 'Human' '16' 'original.ply'],2.363464696,9.475781637569622,0.08926099694590958,1.904071389241982,15.231850338078452,0.33328300354778684,1.6792281134433849,9.070745193066346
['data' 'LabeledDB_new' 'Human' '17' 'original.ply'],2.06391085,11.351933241164026,0.055208884631796434,1.868790701489149,15.903684653814828,0.19564237311020644,3.347159083014706,4.751397904724254
['data' 'LabeledDB_new' 'Human' '18' 'original.ply'],3.193886544,5.556862826646114,0.13246635163800205,1.8970372479772186,9.05367878684083,0.4727297549805513,1.8174011361800875,4.981662334530253
['data' 'LabeledDB_new' 'Human' '19' 'original.ply'],2.169696661,10.901311237438117,0.06871871839544769,1.9652033468193215,51.22828370035954,0.2807475961897372,8.24934398938392,6.209982729085514
['data' 'LabeledDB_new' 'Human' '2' 'original.ply'],2.187329408,8.833890236303555,0.15500418095058746,1.8947070010233957,36.88615255402001,0.3243476470823085,5.971179659464,6.177364383193098
['data' 'LabeledDB_new' 'Human' '20' 'original.ply'],2.11663179,12.27398123074551,0.0726717709377926,1.9290447125720787,59.59415631645667,0.28326810417180837,10.218443115984696,5.832019187270672
['data' 'LabeledDB_new' 'Human' '3' 'original.ply'],1.333432441,10.874254346700182,0.07698952611122202,1.5229165236739353,15.018380406543596,0.24169984251957444,2.1740682352825624,6.907961839841548
['data' 'LabeledDB_new' 'Human' '4' 'original.ply'],1.286895737,10.942877928453148,0.06616043642374445,1.486874372026776,17.134567476754302,0.22614542683131084,2.9654507697673753,5.778065058924726
['data' 'LabeledDB_new' 'Human' '5' 'original.ply'],2.597019602,7.875406728940824,0.09474728125087173,1.942922539730241,31.781501773310705,0.3592951558546726,6.932585778900573,4.584364735888039
['data' 'LabeledDB_new' 'Human' '6' 'original.ply'],2.003357516,10.653364363172551,0.23687910000242055,1.7665651913294667,37.635694292417185,0.45419876718621355,2.5756990129624904,14.611837059769558
['data' 'LabeledDB_new' 'Human' '7' 'original.ply'],2.08997519,9.657041568261555,0.25299017114169436,1.8688228574275103,38.13394333166737,0.4597245101823852,3.1498692860712776,12.106516133953772
['data' 'LabeledDB_new' 'Human' '8' 'original.ply'],1.642231329,13.003460699282057,0.058715437835236035,1.837382902980295,29.427412024839427,0.2232140352035688,2.7089548999464643,10.863012900443998
['data' 'LabeledDB_new' 'Human' '9' 'original.ply'],1.587453434,12.323452997583665,0.06225858987121215,1.8334464037567553,29.310198026359362,0.22994175865283373,2.593298893966488,11.302283008931914
['data' 'LabeledDB_new' 'Mech' '321' 'original.ply'],7.740219017,2.2017016985726747,0.8072670137664963,1.8668903505361794,1.4515517279710808,0.905033643823904,1.0012856874390175,1.4496878824700932
['data' 'LabeledDB_new' 'Mech' '322' 'original.ply'],7.723416579,2.176605984896808,0.8081527872789298,1.8677466431910925,1.4557155461204843,0.9060269208810745,1.001117830594646,1.454090119697314
['data' 'LabeledDB_new' 'Mech' '323' 'original.ply'],7.68315691,2.1481886779915516,0.8090987587277896,1.8662287308563872,1.4590941405246427,0.9070873846361012,1.0035040198125034,1.4539992981764662
['data' 'LabeledDB_new' 'Mech' '324' 'original.ply'],8.227800888,2.310134612768063,0.5886970145882904,1.9644125211459165,1.854787571599904,0.7907375673070801,1.737234114441219,1.067667020916462
['data' 'LabeledDB_new' 'Mech' '325' 'original.ply'],7.83560605,2.4137996176144205,0.5364853664708594,1.8966951072434888,1.585450516707441,0.8957126438237906,1.0118924507683387,1.5668172200549522
['data' 'LabeledDB_new' 'Mech' '326' 'original.ply'],8.123215875,2.0333459916469256,0.6439644030127467,1.935670320833993,2.1536081049840394,0.8765577859220701,1.5913508069101752,1.353320773541796
['data' 'LabeledDB_new' 'Mech' '327' 'original.ply'],6.987353826,2.3769077038284103,0.5035770742521596,1.9355010193658306,2.29714291396943,0.8931744571882059,2.292593296395148,1.0019844852470936
['data' 'LabeledDB_new' 'Mech' '328' 'original.ply'],7.853879573,2.10260094448238,0.813726372995667,1.890010406948163,1.4194010628497034,0.9122755224094812,1.0400755236434522,1.3647096105842862
['data' 'LabeledDB_new' 'Mech' '329' 'original.ply'],7.826574495,2.168069550968931,0.8104118857748409,1.8796602366681916,1.4340190251393843,0.9085597103545303,1.0179381917373542,1.4087486222438408
['data' 'LabeledDB_new' 'Mech' '330' 'original.ply'],7.827753616,2.18227390863543,0.8094479031673736,1.8785026259144197,1.4350707489440833,0.907478766153032,1.009001153373004,1.4222686903248478
['data' 'LabeledDB_new' 'Mech' '331' 'original.ply'],8.030235223,3.084495231385022,0.71025264917863,1.921164989701978,1.7005980217628323,0.8248075279537439,1.0105705033498327,1.6828098743488957
['data' 'LabeledDB_new' 'Mech' '332' 'original.ply'],7.476385723,2.146925469107791,0.7613688756051715,1.8922041614569471,1.7185629842092467,0.8755875284328984,1.0120342607539534,1.698127277755338
['data' 'LabeledDB_new' 'Mech' '333' 'original.ply'],7.880410781,3.1378499847035397,0.7091418158009292,1.8987170917587748,1.7085776838962075,0.8235174556331097,1.043011778822157,1.6381192605759975
['data' 'LabeledDB_new' 'Mech' '334' 'original.ply'],7.597412323,2.3975229790160575,0.7941501155495765,1.976464341122129,2.0895430682922624,0.8890175365512817,2.075934269387738,1.0065555056849358
['data' 'LabeledDB_new' 'Mech' '335' 'original.ply'],7.745419845,2.20170191118677,0.8072669198096847,1.8675173853944786,1.4515518779664205,0.9050335939738477,1.0012857020531527,1.4496880111141004
['data' 'LabeledDB_new' 'Mech' '336' 'original.ply'],4.328248905,2.0111753251338493,0.5807064358849288,1.611490192360607,1.5353511964928135,0.8045042221389072,1.0130051208698136,1.5156401136200464
['data' 'LabeledDB_new' 'Mech' '337' 'original.ply'],8.928292335,1.7372555750368528,0.5735177347665545,1.9525332914554752,2.412751245502825,0.8852597168835366,1.8927767866047673,1.274715150026105
['data' 'LabeledDB_new' 'Mech' '338' 'original.ply'],7.437458639,1.9298079046109569,0.6773723697950531,1.8512427676459775,1.4344697354051938,0.8893782242850049,1.0361182727714493,1.3844652421467472
['data' 'LabeledDB_new' 'Mech' '339' 'original.ply'],8.027443695,3.084497968245942,0.7102522830011243,1.920831474831695,1.7005988393421925,0.8248072814112691,1.01057060292535,1.682810517562437
['data' 'LabeledDB_new' 'Mech' '340' 'original.ply'],7.591705143,2.3975217202505976,0.7941507920975075,1.9757219950769889,2.0895424924378916,0.8890179401685285,2.075933796426387,1.0065554576137885
['data' 'LabeledDB_new' 'Octopus' '121' 'original.ply'],2.268615013,10.597863689707836,0.06001117622344748,1.9851221387857036,6.721661507901306,0.19767316435113386,3.051187809684328,2.2029655095523997
['data' 'LabeledDB_new' 'Octopus' '122' 'original.ply'],2.425805134,13.06671359025609,0.05286963393189119,1.9429364186385896,6.923055640420437,0.13756739201110862,5.227348061070272,1.3243915575430383
['data' 'LabeledDB_new' 'Octopus' '123' 'original.ply'],3.180769984,7.239689640540935,0.10294071350975652,1.5411421475439762,1.638475028806008,0.22758885341427407,1.43794246280158,1.1394579902826745
['data' 'LabeledDB_new' 'Octopus' '124' 'original.ply'],0.667413001,13.435579067774517,0.0074910395715147475,1.8099680738411532,5.0171115646102145,0.026546362322006724,3.2225706011088655,1.5568662988745254
['data' 'LabeledDB_new' 'Octopus' '125' 'original.ply'],0.987151622,6.816281746754363,0.03990707863995938,1.1352416271273573,2.7891500999872636,0.13014795243022795,2.3497755455467213,1.1869857549897658
['data' 'LabeledDB_new' 'Octopus' '126' 'original.ply'],1.698588449,22.17664804231171,0.016834399929707197,1.8504154102718688,6.360682349964958,0.046486720314741485,5.324969933043081,1.1945010826248916
['data' 'LabeledDB_new' 'Octopus' '127' 'original.ply'],3.331254053,11.241671816055183,0.068418549040944,1.8008823698914922,3.282490323396749,0.16719183043577582,2.748408315472904,1.1943241129482423
['data' 'LabeledDB_new' 'Octopus' '128' 'original.ply'],1.643471558,14.596153341788431,0.0370534632224743,1.7786629345987641,9.344848639784171,0.10735052130142451,4.868252973219944,1.9195486946117617
['data' 'LabeledDB_new' 'Octopus' '129' 'original.ply'],2.049474261,6.467913390817937,0.04861852064779255,1.9667208678255905,6.838841780754695,0.1341418425291782,4.474228407302888,1.5284963480166227
['data' 'LabeledDB_new' 'Octopus' '130' 'original.ply'],2.134360551,7.027476822257152,0.05440716153756556,1.9547156599791726,5.308891363069266,0.13956843363626906,4.0043530403973655,1.3257800472414007
['data' 'LabeledDB_new' 'Octopus' '131' 'original.ply'],2.949210285,9.371847622648371,0.06630532584719925,1.6749739840917621,3.6170156174447636,0.1846506433610844,2.2534112841876857,1.605128918464892
['data' 'LabeledDB_new' 'Octopus' '132' 'original.ply'],2.577691528,5.174506760839703,0.30050054155883216,1.9437858017557321,10.729915125684489,0.450420243393534,1.320405326297958,8.126228296706532
['data' 'LabeledDB_new' 'Octopus' '133' 'original.ply'],2.74745144,7.633168721175429,0.07695145316064075,1.7160245218955381,3.571161112994799,0.22792790553481496,2.442810333508877,1.4619068308365748
['data' 'LabeledDB_new' 'Octopus' '134' 'original.ply'],3.111226591,13.265817336220783,0.060719336930581694,1.7610890800092682,2.1958799879067956,0.140181398075246,1.2420484698078802,1.7679503185946146
['data' 'LabeledDB_new' 'Octopus' '135' 'original.ply'],3.488005833,18.80145757602491,0.07078515783152775,1.558346261915026,1.484136532265369,0.13414692566587097,1.1866954238394216,1.2506465453988265
['data' 'LabeledDB_new' 'Octopus' '136' 'original.ply'],3.055725236,7.271652627261737,0.10255365030708226,1.770846151398934,2.654672316175327,0.24170284063854236,1.724005932727347,1.5398278310885407
['data' 'LabeledDB_new' 'Octopus' '137' 'original.ply'],1.651354316,7.5478949722694,0.048656047494246034,1.6977793900570561,2.2129323255115207,0.11777100768736166,1.9177956745356104,1.1538936889339773
['data' 'LabeledDB_new' 'Octopus' '138' 'original.ply'],2.518124847,5.608332555452049,0.08599047013125892,1.8692558926074772,3.3271498030838336,0.16466632698054756,1.2448805578228046,2.67266588925025
['data' 'LabeledDB_new' 'Octopus' '139' 'original.ply'],1.755091294,12.991805598115759,0.0515179244025125,1.747661732404497,12.185655086731565,0.155839886918551,10.274401607246766,1.186020904432697
['data' 'LabeledDB_new' 'Octopus' '140' 'original.ply'],2.434851401,10.55045060391634,0.05084071717761882,1.9490349136637615,5.933833368366546,0.13455784931399384,4.65763743108875,1.2740007044686341
['data' 'LabeledDB_new' 'Plier' '201' 'original.ply'],1.570811415,10.116598877613676,0.16130021874501252,1.84338310617609,65.69166410429862,0.3170503447810882,24.053428448434907,2.7310727967585433
['data' 'LabeledDB_new' 'Plier' '202' 'original.ply'],1.572963919,10.273002291181603,0.15971720821619256,1.858191777995027,63.13385461738164,0.2938628704054747,28.373445419705774,2.225103567208452
['data' 'LabeledDB_new' 'Plier' '203' 'original.ply'],1.60465651,10.420209942189691,0.16387410952035933,1.8696793127947413,58.50494616895874,0.2782434116569509,33.92642514734774,1.7244653957752007
['data' 'LabeledDB_new' 'Plier' '204' 'original.ply'],1.425555159,9.970562253226422,0.1369604909716509,1.8023154351892037,88.68147869943127,0.25722713145762677,21.090682118968417,4.204770533223932
['data' 'LabeledDB_new' 'Plier' '205' 'original.ply'],1.747661481,10.46774316702619,0.1632818560244904,1.9587478616270448,67.7071683114035,0.27815917930493445,28.177372354118994,2.402891492524356
['data' 'LabeledDB_new' 'Plier' '206' 'original.ply'],1.683102817,10.662019433995516,0.16848049881120128,1.9187800410160332,60.63741549141913,0.2651652579753624,40.023642400612985,1.5150399077743715
['data' 'LabeledDB_new' 'Plier' '207' 'original.ply'],1.73598764,10.802623417509645,0.16893563907685127,1.9578852587711308,57.281423497150435,0.25613790992047963,47.69974602317692,1.2008748111429743
['data' 'LabeledDB_new' 'Plier' '208' 'original.ply'],1.714321407,11.288653430255422,0.16170749719628646,1.9487437717249692,55.78983945225621,0.23958988450989513,50.269591871063405,1.1098128585438232
['data' 'LabeledDB_new' 'Plier' '209' 'original.ply'],1.650789987,11.20514155930616,0.15623479718184835,1.9086100967273132,68.0312074053489,0.23518788083488246,39.989214868924265,1.7012388872434738
['data' 'LabeledDB_new' 'Plier' '210' 'original.ply'],1.611759832,10.663159404625075,0.1497347217769881,1.8668888535012642,67.4331768627391,0.24311628095690846,29.28919435482638,2.3023226943634665
['data' 'LabeledDB_new' 'Plier' '211' 'original.ply'],1.509790654,10.46807532808045,0.14599426254495687,1.8269537344307432,80.98171973727968,0.2508170852148834,25.18309361489857,3.215717694404713
['data' 'LabeledDB_new' 'Plier' '212' 'original.ply'],1.408568248,9.172086334299015,0.1327693974679561,1.8717777797303146,88.9952697684931,0.29564530792815813,12.079719737819248,7.367329019221055
['data' 'LabeledDB_new' 'Plier' '213' 'original.ply'],1.456923149,10.196730149137773,0.15956988802309996,1.9724871206125707,98.57173825403675,0.43597052461401326,8.595148844676745,11.468299157505044
['data' 'LabeledDB_new' 'Plier' '214' 'original.ply'],1.508754803,10.077977867674344,0.15516296816558817,1.9421134933347521,87.51954239925831,0.37375246080107916,12.168951359226515,7.192036504682129
['data' 'LabeledDB_new' 'Plier' '215' 'original.ply'],1.612979744,10.255927743873867,0.15940176682883378,1.9203866299698527,78.87108733840407,0.3446980224247605,14.921545010209252,5.285718555581265
['data' 'LabeledDB_new' 'Plier' '216' 'original.ply'],1.634793662,10.32851710023645,0.15948237431135756,1.9006026067952333,75.5703604605718,0.319605906150265,17.93497279259237,4.213575416840577
['data' 'LabeledDB_new' 'Plier' '217' 'original.ply'],1.755210054,10.996952837459792,0.18347775215654732,1.972301073058547,62.72446183230759,0.26146448928916455,36.51221200070126,1.7179036381335346
['data' 'LabeledDB_new' 'Plier' '218' 'original.ply'],1.71496161,11.412902613085393,0.19161361743471333,1.9596778946983475,55.14480070341837,0.24328635852312383,44.86235092831545,1.229199976424174
['data' 'LabeledDB_new' 'Plier' '219' 'original.ply'],1.293820976,12.896613291362263,0.11430226114177004,1.8178687372925173,82.50246809267577,0.2437420054298388,35.585396006581576,2.318436138167938
['data' 'LabeledDB_new' 'Plier' '220' 'original.ply'],1.390806001,13.069442403133344,0.1286741368277619,1.8687470435377533,87.27455223536995,0.26434419017593824,27.33710743421135,3.1925306086389074
['data' 'LabeledDB_new' 'Table' '141' 'original.ply'],4.778573724,48.05509579984852,0.08996776628892128,1.9850501715075475,5.586459697128145,0.13038121789685408,2.327354970837938,2.4003470751678257
['data' 'LabeledDB_new' 'Table' '142' 'original.ply'],3.781344525,65.52187881929339,0.13757783203706375,1.9850895013734773,67.92769682338434,0.19543182257936523,17.460875994630793,3.8902800091056173
['data' 'LabeledDB_new' 'Table' '143' 'original.ply'],3.562423911,62.03728986270614,0.1296601285251106,1.9840088256397697,104.10752069207966,0.21817504023410147,29.568358901191978,3.5209096669846907
['data' 'LabeledDB_new' 'Table' '144' 'original.ply'],5.77945462,65.90682043762267,0.11223476253342828,1.990812039144548,42.695723408736264,0.17934578732880962,30.708784183792766,1.3903423578478848
['data' 'LabeledDB_new' 'Table' '145' 'original.ply'],3.224097105,41.53816607804977,0.05348179188696188,1.559626593751895,1.7353226825102257,0.08280202685498915,1.7314370613346965,1.0022441596418952
['data' 'LabeledDB_new' 'Table' '146' 'original.ply'],5.030162091,24.287304783780836,0.10638926056031194,1.6791819474989709,1.9244855025378276,0.1629528668181597,1.9146565702738152,1.0051335223332543
['data' 'LabeledDB_new' 'Table' '147' 'original.ply'],5.198517309,20.77024255596506,0.12722117220502357,1.753699199892621,7.582732484104115,0.1885088742303492,7.366549539095401,1.0293465677331561
['data' 'LabeledDB_new' 'Table' '148' 'original.ply'],7.638994415,37.03793871391962,0.14014748900918741,1.9900949024824128,13.085915473041426,0.21172922690161106,13.021507833657425,1.0049462504808793
['data' 'LabeledDB_new' 'Table' '149' 'original.ply'],7.075222597,32.672983845411956,0.13412483301238132,1.9880399843146697,21.375675934714522,0.22117269332260436,20.480821850043746,1.0436922937576778
['data' 'LabeledDB_new' 'Table' '150' 'original.ply'],2.045434505,37.30587918847375,0.045582892304938,1.3967340035241553,2.1333007967377693,0.08756486137434792,1.0111783928810831,2.1097175451499686
['data' 'LabeledDB_new' 'Table' '151' 'original.ply'],4.69573644,38.49012010679114,0.14437866403636085,1.8840213344921592,8.4614377502634,0.1502237081080829,8.37590103564201,1.0102122403616525
['data' 'LabeledDB_new' 'Table' '152' 'original.ply'],2.788729083,25.866048428179596,0.114368131383715,1.7893731300740041,11.339179727881316,0.12748708043152268,1.6885676026998482,6.715265476935078
['data' 'LabeledDB_new' 'Table' '153' 'original.ply'],4.498302522,48.937360383129565,0.11901470014123376,1.9741169804647531,14.968140551615043,0.15436690356151098,9.538456945703224,1.5692412972894656
['data' 'LabeledDB_new' 'Table' '154' 'original.ply'],4.926968916,28.512820618896004,0.08350368463618789,1.9023420552480301,8.001346092901302,0.1768153525903441,7.930643302330495,1.0089151393998554
['data' 'LabeledDB_new' 'Table' '155' 'original.ply'],5.767576296,44.76972261221248,0.07747139987159098,1.9184423718270542,4.19974659427241,0.15178718428557747,2.3581628140102704,1.7809400476171362
['data' 'LabeledDB_new' 'Table' '156' 'original.ply'],2.843290607,51.47639419618513,0.03877974555040198,1.770957368734012,13.349611530175766,0.0831477249107058,3.465687569248415,3.85193739003739
['data' 'LabeledDB_new' 'Table' '157' 'original.ply'],7.223223936,26.55640010312771,0.11956405057080742,1.9803148845071832,8.759156127658658,0.21294214661652758,8.572883396315893,1.0217281307503625
['data' 'LabeledDB_new' 'Table' '158' 'original.ply'],2.844287243,45.77815302645894,0.03914309767645696,1.6013227479941754,2.1308995534216373,0.07939597333825563,1.174228204177062,1.8147235314578756
['data' 'LabeledDB_new' 'Table' '159' 'original.ply'],4.801914119,58.126487497405165,0.09934850875823664,1.9909826934277566,8.598196223532437,0.16886995768840216,6.868848265193291,1.251766801590642
['data' 'LabeledDB_new' 'Table' '160' 'original.ply'],2.541096583,73.87451927210127,0.05699852663679285,1.7323378325409502,11.518644763816106,0.0776460154834376,6.29457508886671,1.829932060734214
['data' 'LabeledDB_new' 'Teddy' '161' 'original.ply'],4.462291631,3.414733918895491,0.3240535863090079,1.8429674002960097,7.459414495173835,0.618260622106691,4.145441649555755,1.7994257610581064
['data' 'LabeledDB_new' 'Teddy' '162' 'original.ply'],3.924090797,3.0907910479683047,0.22994292513459746,1.9112650558520743,7.051408000458041,0.6158096472470966,2.2211004446819476,3.1747362067039586
['data' 'LabeledDB_new' 'Teddy' '163' 'original.ply'],4.208823134,3.3078495376337167,0.23578343956400652,1.9525853876927268,8.578044079581373,0.583876466789336,2.6451337155186305,3.2429529098113963
['data' 'LabeledDB_new' 'Teddy' '164' 'original.ply'],4.523528763,3.2837691701171328,0.28812678778817274,1.8874533260256081,6.715189839902565,0.6018341218243333,3.199740231467589,2.0986671898745306
['data' 'LabeledDB_new' 'Teddy' '165' 'original.ply'],4.114574575,3.189310994059559,0.2963898207453767,1.9553901279620374,8.364850598713335,0.59834615868077,2.4940183751885057,3.3539651038381355
['data' 'LabeledDB_new' 'Teddy' '166' 'original.ply'],4.153463183,3.420174413221936,0.20732556068542637,1.9104977969228234,6.473573356276904,0.5169077681289435,2.366213859430505,2.7358361250723755
['data' 'LabeledDB_new' 'Teddy' '167' 'original.ply'],4.150573538,3.461992937041099,0.21988012856825345,1.8398081139358573,4.687831184821883,0.506145989637537,1.7575186945622239,2.667300893769192
['data' 'LabeledDB_new' 'Teddy' '168' 'original.ply'],4.104174021,3.197085224554326,0.3008742892521955,1.9361946537099923,7.85932293448483,0.6069527384433538,3.211269317695103,2.447419433548439
['data' 'LabeledDB_new' 'Teddy' '169' 'original.ply'],4.540333511,3.836425099686653,0.2755880068591022,1.9283994076815956,10.30221264814527,0.5496701466077338,5.567847561419025,1.8503043652868332
['data' 'LabeledDB_new' 'Teddy' '170' 'original.ply'],4.175813708,3.799098684402032,0.2782673310446206,1.8583762117414437,8.87597641497484,0.5572625329710175,6.524174744619103,1.3604749661703062
['data' 'LabeledDB_new' 'Teddy' '171' 'original.ply'],4.039153829,3.8375805802727956,0.23151094407814576,1.9599669856097632,4.563222371280681,0.4846757188948714,1.3576014624494943,3.3612385501171653
['data' 'LabeledDB_new' 'Teddy' '172' 'original.ply'],4.201928458,3.033599311531554,0.244718557466968,1.947989558515389,6.762025022832918,0.6312226988345631,1.881299234740695,3.594337837364266
['data' 'LabeledDB_new' 'Teddy' '173' 'original.ply'],3.913068451,3.5177309642647727,0.2975456395028209,1.823057337241622,4.3950312519795345,0.552048871944669,1.2043053898371616,3.649432518585508
['data' 'LabeledDB_new' 'Teddy' '174' 'original.ply'],3.366650646,3.659296201835866,0.18110911637787577,1.896479966985023,6.850018489706861,0.44665343082554787,2.4038738902567744,2.8495748123355855
['data' 'LabeledDB_new' 'Teddy' '175' 'original.ply'],3.952234044,3.3467027456177467,0.2161860724327985,1.9852038870341322,7.789844721167264,0.558185759243938,2.5527299184433767,3.051574185300972
['data' 'LabeledDB_new' 'Teddy' '176' 'original.ply'],4.35325357,3.8100653027755587,0.20127275083218785,1.8183066652198876,4.388968681831821,0.4844546719831889,1.8240255848766527,2.406199078687057
['data' 'LabeledDB_new' 'Teddy' '177' 'original.ply'],4.085609772,3.652991433443336,0.21881837645682486,1.806228560277119,4.796341291644187,0.5242004780442381,1.7271529393486935,2.7770217578142673
['data' 'LabeledDB_new' 'Teddy' '178' 'original.ply'],3.829840157,3.3108199920626693,0.2379420185230888,1.8660723080456671,5.953799216812305,0.5532085270298247,2.2960309152749008,2.593083210336244
['data' 'LabeledDB_new' 'Teddy' '179' 'original.ply'],4.245068542,3.510269797184651,0.21711534507699498,1.822265788307621,6.123802656041414,0.5467219808418101,2.3951567102459532,2.5567440451161856
['data' 'LabeledDB_new' 'Teddy' '180' 'original.ply'],3.603679042,3.365208968293889,0.2798274685813908,1.9091185402600412,11.4665356791127,0.5793534555879309,2.9588155983040467,3.87538029936207
['data' 'LabeledDB_new' 'Vase' '361' 'original.ply'],5.333138259,5.415833442654752,0.24296548637359275,1.944955485777393,3.3655164062663983,0.5475631716511874,1.0681080845443816,3.150913708982937
['data' 'LabeledDB_new' 'Vase' '362' 'original.ply'],3.57600321,4.828923857101758,0.3252170877536486,1.7399313794112392,7.076538544339195,0.5191165125660181,1.0729603148886304,6.595340429784409
['data' 'LabeledDB_new' 'Vase' '363' 'original.ply'],2.159053686,2.1306737053312443,0.34316642067290354,1.653043472846464,10.042551035935547,0.6726401035015217,1.0191570680184492,9.85378147399921
['data' 'LabeledDB_new' 'Vase' '364' 'original.ply'],4.416167769,5.722474219372546,0.1656986111349051,1.656122413174574,3.944184474647079,0.44383919085203927,2.047801515179298,1.9260579921495662
['data' 'LabeledDB_new' 'Vase' '365' 'original.ply'],7.69639014,1.6129164871978547,0.4074542535442703,1.7552261413655716,1.9846947504356622,0.8884057633889131,1.7059611106254706,1.163388038610093
['data' 'LabeledDB_new' 'Vase' '366' 'original.ply'],4.422464755,2.302318959247257,0.3627420809641046,1.8711052412079077,5.162261092946586,0.710316497262862,1.2642098405905295,4.083389424128533
['data' 'LabeledDB_new' 'Vase' '367' 'original.ply'],4.438505552,1.6351740912566797,0.33286716013540296,1.859854029137357,2.4821895812761388,0.8167575159083833,1.5579611747952766,1.593229421524134
['data' 'LabeledDB_new' 'Vase' '368' 'original.ply'],4.548263696,1.512716724278182,0.4195157861541267,1.7107382288534936,1.8029650202788525,0.8731625473780704,1.0463590437753734,1.723084471821035
['data' 'LabeledDB_new' 'Vase' '369' 'original.ply'],5.650737263,1.9007654193444656,0.39956283615427834,1.8915347738384145,3.2106575341150503,0.7669021417441101,1.1253046996963463,2.853145050386281
['data' 'LabeledDB_new' 'Vase' '370' 'original.ply'],4.920441443,1.5304811083952572,0.3670956179702889,1.8514987653050143,2.839988858223889,0.8071955412329089,1.0193551882453065,2.786064063805451
['data' 'LabeledDB_new' 'Vase' '371' 'original.ply'],5.11679041,1.5158319475775124,0.39545297959216613,1.794899371180698,3.1069164681087624,0.804219539676692,1.0202075752330542,3.0453767875611244
['data' 'LabeledDB_new' 'Vase' '372' 'original.ply'],3.171744705,2.004301951141744,0.28154386416011945,1.5796377196968971,2.6659484432525207,0.706520088048468,2.2487528668540326,1.1855230881738186
['data' 'LabeledDB_new' 'Vase' '373' 'original.ply'],3.93451775,2.2898233476490315,0.3944585035561325,1.8972875276453376,5.884645072387689,0.757980632812238,1.027293025087031,5.728302372041463
['data' 'LabeledDB_new' 'Vase' '374' 'original.ply'],3.686579857,3.0611287048070865,0.42964746507886326,1.9536210107614393,9.953279290737232,0.7029582965371911,1.1195266436584328,8.890614035063532
['data' 'LabeledDB_new' 'Vase' '375' 'original.ply'],3.195984635,2.716258999471163,0.22703569239251004,1.8885259185360244,5.354337434119284,0.6511680500804804,2.6099286868181757,2.0515263352451516
['data' 'LabeledDB_new' 'Vase' '376' 'original.ply'],6.12440877,2.688298075381181,0.3538411313681075,1.9920846975994992,4.976194001131214,0.8771417666273085,3.5730066445522404,1.3927189328680405
['data' 'LabeledDB_new' 'Vase' '377' 'original.ply'],3.343651719,2.320380950285317,0.3317184776975442,1.677718022355174,6.4238549429882115,0.7683032635137538,2.618534508110906,2.45322523842643
['data' 'LabeledDB_new' 'Vase' '378' 'original.ply'],3.178567192,2.219602510564921,0.27529837130047585,1.578089542020043,2.64971186036325,0.6896031192851334,2.2351337253414267,1.1854824748610935
['data' 'LabeledDB_new' 'Vase' '379' 'original.ply'],4.321566459,1.5955440944156756,0.3316578866016576,1.8474993656257792,2.276734085945346,0.8194581292452467,1.4177647161307512,1.6058617202428516
['data' 'LabeledDB_new' 'Vase' '380' 'original.ply'],4.929283316,5.854782706556039,0.272128723951761,1.620521705365203,3.512738918166773,0.6906584068745767,1.246254051549886,2.8186379123888945
