path,distance_to_center,scale,alignment
['data' 'LabeledDB_new' 'Airplane' '61' 'original.ply'],0.0003373566749560848,1.9649479985237122,0.3333349335388991
['data' 'LabeledDB_new' 'Airplane' '62' 'original.ply'],0.0003369969254019363,1.9294869899749756,0.042862396855652074
['data' 'LabeledDB_new' 'Airplane' '63' 'original.ply'],0.00035678180181548735,1.9945020079612732,0.03238885595579479
['data' 'LabeledDB_new' 'Airplane' '64' 'original.ply'],0.0002757843239500465,1.8396210074424744,0.3329969539749815
['data' 'LabeledDB_new' 'Airplane' '65' 'original.ply'],0.00023958930722167,1.7242220044136047,0.9997942253549853
['data' 'LabeledDB_new' 'Airplane' '66' 'original.ply'],0.00018502360573794944,1.6830050349235535,0.999479439941794
['data' 'LabeledDB_new' 'Airplane' '67' 'original.ply'],0.00019355440534197236,1.7676199674606323,0.9993417825337803
['data' 'LabeledDB_new' 'Airplane' '68' 'original.ply'],0.0003374783579890197,1.7750580310821533,0.4166695662975701
['data' 'LabeledDB_new' 'Airplane' '69' 'original.ply'],0.00023999013625237745,1.898705005645752,0.35930503835352295
['data' 'LabeledDB_new' 'Airplane' '70' 'original.ply'],0.0003154053262317154,1.9844390153884888,0.33350969350473086
['data' 'LabeledDB_new' 'Airplane' '71' 'original.ply'],0.00028656256282903037,1.9783929586410522,0.9975716388602001
['data' 'LabeledDB_new' 'Airplane' '72' 'original.ply'],0.00036475313042369696,1.978939950466156,0.3334281628453733
['data' 'LabeledDB_new' 'Airplane' '73' 'original.ply'],0.0003430051032819253,1.9572319984436035,0.34741305052771004
['data' 'LabeledDB_new' 'Airplane' '74' 'original.ply'],0.00034616935667535246,1.9581480026245117,0.3370782043667136
['data' 'LabeledDB_new' 'Airplane' '75' 'original.ply'],0.00020789233139744252,1.7487420439720154,0.9992561269740589
['data' 'LabeledDB_new' 'Airplane' '76' 'original.ply'],0.000156550541562868,1.8332390189170837,0.9984786960166087
['data' 'LabeledDB_new' 'Airplane' '77' 'original.ply'],0.00023023917957120798,1.786653995513916,0.028614664916729385
['data' 'LabeledDB_new' 'Airplane' '78' 'original.ply'],0.00019592971868285174,1.824524998664856,0.9962305638722967
['data' 'LabeledDB_new' 'Airplane' '79' 'original.ply'],0.0002630836438001752,1.9521190524101257,0.652889587467412
['data' 'LabeledDB_new' 'Airplane' '80' 'original.ply'],0.00024369134131362174,1.9226420521736145,0.9467543783654185
['data' 'LabeledDB_new' 'Ant' '100' 'original.ply'],0.00022445803012742285,1.681331992149353,0.09881292071518873
['data' 'LabeledDB_new' 'Ant' '81' 'original.ply'],0.0002857756810775243,1.8232380151748657,0.33731087915821173
['data' 'LabeledDB_new' 'Ant' '82' 'original.ply'],0.00017873535669514636,1.7823799848556519,0.34434208763333407
['data' 'LabeledDB_new' 'Ant' '83' 'original.ply'],0.00021382612473790132,1.8706980347633362,0.34314585052274055
['data' 'LabeledDB_new' 'Ant' '84' 'original.ply'],0.00024277503994264834,1.7503300309181213,0.31960053153146045
['data' 'LabeledDB_new' 'Ant' '85' 'original.ply'],0.00021801334481892556,1.7495290040969849,0.49485145590683777
['data' 'LabeledDB_new' 'Ant' '86' 'original.ply'],0.0002603468250330187,1.826308012008667,0.0906899098755473
['data' 'LabeledDB_new' 'Ant' '87' 'original.ply'],0.00024541176602498933,1.8387579917907715,0.3507853387346352
['data' 'LabeledDB_new' 'Ant' '88' 'original.ply'],0.000202027119808087,1.825566053390503,0.35706442572855085
['data' 'LabeledDB_new' 'Ant' '89' 'original.ply'],0.0002559229199187679,1.8086619973182678,0.3450026199320415
['data' 'LabeledDB_new' 'Ant' '90' 'original.ply'],0.00020194553212224672,1.8055099844932556,0.33850917577728784
['data' 'LabeledDB_new' 'Ant' '91' 'original.ply'],0.00015582695943156105,1.7732549905776978,0.33831270462175067
['data' 'LabeledDB_new' 'Ant' '92' 'original.ply'],0.0002452113920519095,1.9089179635047913,0.3328629117593744
['data' 'LabeledDB_new' 'Ant' '93' 'original.ply'],0.0002775634422858221,1.8379330039024353,0.3315281311182263
['data' 'LabeledDB_new' 'Ant' '94' 'original.ply'],0.00014540464655157039,1.7242500185966492,0.44034056852905384
['data' 'LabeledDB_new' 'Ant' '95' 'original.ply'],0.00018099962831770274,1.7779000401496887,0.46120552266392895
['data' 'LabeledDB_new' 'Ant' '96' 'original.ply'],0.00017199004391188355,1.6962560415267944,0.6081505567096562
['data' 'LabeledDB_new' 'Ant' '97' 'original.ply'],0.00023527292835144066,1.7130019664764404,0.3984640275713991
['data' 'LabeledDB_new' 'Ant' '98' 'original.ply'],0.0002529587289808066,1.8969109654426575,0.33884081988156284
['data' 'LabeledDB_new' 'Ant' '99' 'original.ply'],0.0002283613415323925,1.7524499893188477,0.32622074255816935
['data' 'LabeledDB_new' 'Armadillo' '281' 'original.ply'],0.0015382937746371511,1.3274189829826355,0.5233381117658215
['data' 'LabeledDB_new' 'Armadillo' '282' 'original.ply'],0.002526840713343211,1.6200590133666992,0.2603132781009135
['data' 'LabeledDB_new' 'Armadillo' '283' 'original.ply'],0.004175917332827144,1.8786879777908325,0.3367612750463693
['data' 'LabeledDB_new' 'Armadillo' '284' 'original.ply'],3.714032457495167e-05,1.4391520023345947,0.30832493720103366
['data' 'LabeledDB_new' 'Armadillo' '285' 'original.ply'],0.001679723423645594,1.5504080057144165,0.2655387275765516
['data' 'LabeledDB_new' 'Armadillo' '286' 'original.ply'],0.0022033225487731968,1.3395990133285522,0.3387692138903203
['data' 'LabeledDB_new' 'Armadillo' '287' 'original.ply'],5.3628078004896456e-05,1.486894965171814,0.28304616414678
['data' 'LabeledDB_new' 'Armadillo' '288' 'original.ply'],0.0065778575699693784,1.4664179682731628,0.6502704804605045
['data' 'LabeledDB_new' 'Armadillo' '289' 'original.ply'],0.0011597576078868509,1.7952229976654053,0.5329679120746943
['data' 'LabeledDB_new' 'Armadillo' '290' 'original.ply'],4.8708332624943046e-05,1.4545639753341675,0.3774963045650792
['data' 'LabeledDB_new' 'Armadillo' '291' 'original.ply'],0.011313108703357529,1.8872470259666443,0.3634238016200235
['data' 'LabeledDB_new' 'Armadillo' '292' 'original.ply'],0.0018958353026001518,1.3253109455108643,0.3372096003778962
['data' 'LabeledDB_new' 'Armadillo' '293' 'original.ply'],0.015916546324519183,1.6270000338554382,0.30769582386106925
['data' 'LabeledDB_new' 'Armadillo' '294' 'original.ply'],0.0014090236648564053,1.8511569499969482,0.33138888938819283
['data' 'LabeledDB_new' 'Armadillo' '295' 'original.ply'],0.0016657654593945235,1.4027560353279114,0.30212338511420417
['data' 'LabeledDB_new' 'Armadillo' '296' 'original.ply'],0.002219310873094387,1.5969060063362122,0.2639469938986726
['data' 'LabeledDB_new' 'Armadillo' '297' 'original.ply'],0.0015393678390551873,1.3713799715042114,0.7120295346466122
['data' 'LabeledDB_new' 'Armadillo' '298' 'original.ply'],0.007491666496836947,1.4924879670143127,0.2913679947137763
['data' 'LabeledDB_new' 'Armadillo' '299' 'original.ply'],0.0017532197399587697,1.4792460203170776,0.580116682653462
['data' 'LabeledDB_new' 'Armadillo' '300' 'original.ply'],0.0005533166927931995,1.7787799835205078,0.8317146169313608
['data' 'LabeledDB_new' 'Bearing' '341' 'original.ply'],0.2388822159658233,1.540763020515442,0.06036180082436415
['data' 'LabeledDB_new' 'Bearing' '342' 'original.ply'],0.0009493525591247757,1.9085260033607483,0.061653800819630344
['data' 'LabeledDB_new' 'Bearing' '343' 'original.ply'],0.0004100204517336281,1.8384739756584167,0.33250123950796534
['data' 'LabeledDB_new' 'Bearing' '344' 'original.ply'],0.31063105940390506,1.2248440384864807,0.3220300936109181
['data' 'LabeledDB_new' 'Bearing' '345' 'original.ply'],0.3350288901582482,1.2208299934864044,0.19789382015162338
['data' 'LabeledDB_new' 'Bearing' '346' 'original.ply'],0.34080921472174225,1.220065027475357,0.238459903836056
['data' 'LabeledDB_new' 'Bearing' '347' 'original.ply'],0.08410083697125233,1.8229569792747498,0.33212585981569587
['data' 'LabeledDB_new' 'Bearing' '348' 'original.ply'],0.804041103976372,1.0079089999198914,0.21388452649047351
['data' 'LabeledDB_new' 'Bearing' '349' 'original.ply'],0.2036847554173194,1.7546190023422241,0.32366363048508223
['data' 'LabeledDB_new' 'Bearing' '350' 'original.ply'],0.00011224818195432942,1.8547340035438538,0.2571812376622887
['data' 'LabeledDB_new' 'Bearing' '351' 'original.ply'],0.00026492815922187656,1.8417710065841675,0.33431096360335055
['data' 'LabeledDB_new' 'Bearing' '352' 'original.ply'],0.00011857677315580446,1.6297169923782349,0.33342375934664203
['data' 'LabeledDB_new' 'Bearing' '353' 'original.ply'],0.13883229435294256,1.8253639936447144,0.962078253263935
['data' 'LabeledDB_new' 'Bearing' '354' 'original.ply'],0.23112693048323343,1.218254029750824,0.3278648959835793
['data' 'LabeledDB_new' 'Bearing' '355' 'original.ply'],0.0008580402693589797,1.9890609979629517,0.03307962344249643
['data' 'LabeledDB_new' 'Bearing' '356' 'original.ply'],0.0008582038503004434,1.9891909956932068,0.0309014754017277
['data' 'LabeledDB_new' 'Bearing' '357' 'original.ply'],6.944900693597127e-05,1.9696660041809082,0.33422088892521656
['data' 'LabeledDB_new' 'Bearing' '358' 'original.ply'],0.0007511517188797371,1.2453930228948593,0.1581810433120988
['data' 'LabeledDB_new' 'Bearing' '359' 'original.ply'],0.0011651170415478296,1.2493210136890411,0.33339749462398904
['data' 'LabeledDB_new' 'Bearing' '360' 'original.ply'],0.9036054959268179,0.19155395030975342,0.02382006659851835
['data' 'LabeledDB_new' 'Bird' '241' 'original.ply'],0.0005922088274552382,1.9878649711608887,0.013655356571791824
['data' 'LabeledDB_new' 'Bird' '242' 'original.ply'],0.00017172225492970215,1.817850947380066,0.6511107706686924
['data' 'LabeledDB_new' 'Bird' '243' 'original.ply'],0.0006821107783457279,1.9924999475479126,0.821107203318206
['data' 'LabeledDB_new' 'Bird' '244' 'original.ply'],0.0004294085982012432,1.9671559929847717,0.3734964839698471
['data' 'LabeledDB_new' 'Bird' '245' 'original.ply'],0.00022166788634261396,1.8152480125427246,0.6559788764275519
['data' 'LabeledDB_new' 'Bird' '246' 'original.ply'],0.00044875947469505433,1.9492799639701843,0.7524399265566392
['data' 'LabeledDB_new' 'Bird' '247' 'original.ply'],0.00029122967216619017,1.851747989654541,0.668362831913844
['data' 'LabeledDB_new' 'Bird' '248' 'original.ply'],9.505982847655185e-05,1.453948974609375,0.8495072271080234
['data' 'LabeledDB_new' 'Bird' '249' 'original.ply'],0.000545181089043139,1.9639410376548767,0.4341093846991382
['data' 'LabeledDB_new' 'Bird' '250' 'original.ply'],0.0004855827742577209,1.9146000146865845,0.33332090013028787
['data' 'LabeledDB_new' 'Bird' '251' 'original.ply'],0.0006821107783457279,1.9924999475479126,0.821107203318206
['data' 'LabeledDB_new' 'Bird' '252' 'original.ply'],0.00030088588433262707,1.7364720106124878,0.757531525465693
['data' 'LabeledDB_new' 'Bird' '253' 'original.ply'],0.00030577565891187373,1.8335850238800049,0.42307292357995263
['data' 'LabeledDB_new' 'Bird' '254' 'original.ply'],0.0003377277849769511,1.994841992855072,0.018070864475056153
['data' 'LabeledDB_new' 'Bird' '255' 'original.ply'],0.00034253363591654805,1.9415410161018372,0.35905540239392947
['data' 'LabeledDB_new' 'Bird' '256' 'original.ply'],0.0016328850199626942,1.7101230025291443,0.2611631494959003
['data' 'LabeledDB_new' 'Bird' '257' 'original.ply'],0.01015212716503918,1.9138929843902588,0.3375134740704506
['data' 'LabeledDB_new' 'Bird' '258' 'original.ply'],0.004578927839852791,1.4052590131759644,0.7041133915459904
['data' 'LabeledDB_new' 'Bird' '259' 'original.ply'],0.00013416688874970438,1.8022960424423218,0.4357924963045483
['data' 'LabeledDB_new' 'Bird' '260' 'original.ply'],0.0009402081084179013,1.3226770162582397,0.804492529387615
['data' 'LabeledDB_new' 'Bust' '301' 'original.ply'],8.053503994060894e-05,1.8850769996643066,0.31905809040040767
['data' 'LabeledDB_new' 'Bust' '302' 'original.ply'],1.4520619666829762e-05,1.7446810007095337,0.3347268793572824
['data' 'LabeledDB_new' 'Bust' '303' 'original.ply'],2.795208845391629e-05,1.3462769985198975,0.5431611038940902
['data' 'LabeledDB_new' 'Bust' '304' 'original.ply'],2.8197579350799205e-05,1.9331960082054138,0.9997248431414794
['data' 'LabeledDB_new' 'Bust' '305' 'original.ply'],0.0015648085416536792,1.7143979668617249,0.5763522534170291
['data' 'LabeledDB_new' 'Bust' '306' 'original.ply'],0.0012394092203577476,1.6807920336723328,0.37909050222976876
['data' 'LabeledDB_new' 'Bust' '307' 'original.ply'],0.0014598826046007694,1.81385999917984,0.5343805817413213
['data' 'LabeledDB_new' 'Bust' '308' 'original.ply'],0.002384966543808495,1.8413339853286743,0.2878781678257291
['data' 'LabeledDB_new' 'Bust' '309' 'original.ply'],0.0005076058453210118,1.4111639857292175,0.5879403751581883
['data' 'LabeledDB_new' 'Bust' '310' 'original.ply'],0.00025398032829164084,1.846517026424408,0.8033077200131776
['data' 'LabeledDB_new' 'Bust' '311' 'original.ply'],0.0003391173994044001,1.7743470072746277,0.15112169625890784
['data' 'LabeledDB_new' 'Bust' '312' 'original.ply'],0.0004328106512378869,1.6526300311088562,0.9457951502145665
['data' 'LabeledDB_new' 'Bust' '313' 'original.ply'],0.0020940546198451393,1.6749699711799622,0.2966454105250425
['data' 'LabeledDB_new' 'Bust' '314' 'original.ply'],0.00018300091472176936,1.571086049079895,0.33499317041723403
['data' 'LabeledDB_new' 'Bust' '315' 'original.ply'],0.00012841721767047388,1.58371102809906,0.29419340879344547
['data' 'LabeledDB_new' 'Bust' '316' 'original.ply'],0.0003118879872775434,1.6188210248947144,0.3327460317405601
['data' 'LabeledDB_new' 'Bust' '317' 'original.ply'],2.8261981956644014e-05,1.7997660040855408,0.06012621517899238
['data' 'LabeledDB_new' 'Bust' '318' 'original.ply'],0.00028868388549724484,1.4768440127372742,0.31272370316884107
['data' 'LabeledDB_new' 'Bust' '319' 'original.ply'],6.28753095707752e-05,1.9420369863510132,0.38632890611772996
['data' 'LabeledDB_new' 'Bust' '320' 'original.ply'],0.0001957583376349367,1.7490270137786865,0.3848296591221781
['data' 'LabeledDB_new' 'Chair' '101' 'original.ply'],0.0002622599698261038,1.649396002292633,0.1554762898566418
['data' 'LabeledDB_new' 'Chair' '102' 'original.ply'],6.755904983014809e-05,1.5705649852752686,0.3300421517116103
['data' 'LabeledDB_new' 'Chair' '103' 'original.ply'],0.00010320663603593184,1.6603310108184814,0.16574478420738253
['data' 'LabeledDB_new' 'Chair' '104' 'original.ply'],0.00013066370029436597,1.7095699906349182,0.13024593476062582
['data' 'LabeledDB_new' 'Chair' '105' 'original.ply'],0.00016935602336544894,1.6609489917755127,0.1393684030415049
['data' 'LabeledDB_new' 'Chair' '106' 'original.ply'],0.00010844789098009232,1.54231196641922,0.790852775276543
['data' 'LabeledDB_new' 'Chair' '107' 'original.ply'],0.00011004076327704148,1.7744060158729553,0.2987679061476641
['data' 'LabeledDB_new' 'Chair' '108' 'original.ply'],0.0001487354184621331,1.7838799953460693,0.3235202372204772
['data' 'LabeledDB_new' 'Chair' '109' 'original.ply'],3.1295445967359136e-05,1.3894559741020203,0.2627845766750723
['data' 'LabeledDB_new' 'Chair' '110' 'original.ply'],0.0001251972353943576,1.6404869556427002,0.3122188948644158
['data' 'LabeledDB_new' 'Chair' '111' 'original.ply'],0.00013364273720477632,1.6672120094299316,0.3117229330781605
['data' 'LabeledDB_new' 'Chair' '112' 'original.ply'],8.777928030959753e-05,1.427564024925232,0.24448884763142897
['data' 'LabeledDB_new' 'Chair' '113' 'original.ply'],0.00018600990794577534,1.476755976676941,0.1761278271621661
['data' 'LabeledDB_new' 'Chair' '114' 'original.ply'],0.00028095517884086415,1.4252840280532837,0.12497053481214626
['data' 'LabeledDB_new' 'Chair' '115' 'original.ply'],0.00017184671337666725,1.5033349990844727,0.1686454221429774
['data' 'LabeledDB_new' 'Chair' '116' 'original.ply'],0.0001519401818527834,1.6398659944534302,0.2695458117036396
['data' 'LabeledDB_new' 'Chair' '117' 'original.ply'],8.843427267196735e-05,1.596444010734558,0.2918566032770869
['data' 'LabeledDB_new' 'Chair' '118' 'original.ply'],0.0001806442646611156,1.6375539898872375,0.14970612089241656
['data' 'LabeledDB_new' 'Chair' '119' 'original.ply'],0.00011947478922212356,1.62055903673172,0.18599770321197676
['data' 'LabeledDB_new' 'Chair' '120' 'original.ply'],0.00015006371872675598,1.6981850266456604,0.3235732446867833
['data' 'LabeledDB_new' 'Cup' '21' 'original.ply'],0.00011486281622838249,1.6626620292663574,0.3393388552015934
['data' 'LabeledDB_new' 'Cup' '22' 'original.ply'],8.478024751731323e-05,1.760354995727539,0.9994129664124607
['data' 'LabeledDB_new' 'Cup' '23' 'original.ply'],0.004108800755400319,1.7745090126991272,0.3417392622476328
['data' 'LabeledDB_new' 'Cup' '24' 'original.ply'],8.18421563672902e-05,1.7827510237693787,0.9998160649341888
['data' 'LabeledDB_new' 'Cup' '25' 'original.ply'],0.00011667656664202659,1.706782042980194,0.34039573299990417
['data' 'LabeledDB_new' 'Cup' '26' 'original.ply'],5.571533781269847e-05,1.5559599995613098,0.10843735526482555
['data' 'LabeledDB_new' 'Cup' '27' 'original.ply'],5.8312311186921466e-05,1.5061140060424805,0.1445471295487599
['data' 'LabeledDB_new' 'Cup' '28' 'original.ply'],0.00011884911321730993,1.6866210103034973,0.3678604549869821
['data' 'LabeledDB_new' 'Cup' '29' 'original.ply'],5.7502889324351424e-05,1.5601699948310852,0.1778854756523971
['data' 'LabeledDB_new' 'Cup' '30' 'original.ply'],0.01707010524446797,1.4467209577560425,0.3361153303329543
['data' 'LabeledDB_new' 'Cup' '31' 'original.ply'],0.00012595572289739965,1.7567070126533508,0.72261376029551
['data' 'LabeledDB_new' 'Cup' '32' 'original.ply'],0.019723781901668555,1.4726420044898987,0.6749610355663097
['data' 'LabeledDB_new' 'Cup' '33' 'original.ply'],0.00010914626657761774,1.7124019861221313,0.9907712811831523
['data' 'LabeledDB_new' 'Cup' '34' 'original.ply'],8.076355021163106e-05,1.57355797290802,0.33748587903743577
['data' 'LabeledDB_new' 'Cup' '35' 'original.ply'],6.560987027849403e-05,1.5351679921150208,0.33676520088707734
['data' 'LabeledDB_new' 'Cup' '36' 'original.ply'],8.088510010159851e-05,1.6183550357818604,0.4436847356944975
['data' 'LabeledDB_new' 'Cup' '37' 'original.ply'],0.0009804842148774036,1.72250097990036,0.025484869684496134
['data' 'LabeledDB_new' 'Cup' '38' 'original.ply'],0.0001394759132666672,1.7101750373840332,0.41609307744126073
['data' 'LabeledDB_new' 'Cup' '39' 'original.ply'],0.00014723038676255868,1.6690120100975037,0.8801148309901327
['data' 'LabeledDB_new' 'Cup' '40' 'original.ply'],0.00010145165615202832,1.846070945262909,0.2883373186104431
['data' 'LabeledDB_new' 'Fish' '221' 'original.ply'],0.0003145094232368392,1.7827709913253784,0.3316959218781946
['data' 'LabeledDB_new' 'Fish' '222' 'original.ply'],0.00027212604229081465,1.8113830089569092,0.3336671813544436
['data' 'LabeledDB_new' 'Fish' '223' 'original.ply'],0.0002529675042065648,1.7703169584274292,0.9821395732076286
['data' 'LabeledDB_new' 'Fish' '224' 'original.ply'],0.0002935748763096707,1.8195099830627441,0.9855491936263538
['data' 'LabeledDB_new' 'Fish' '225' 'original.ply'],0.00027072216635362585,1.7896950244903564,0.32443896126435157
['data' 'LabeledDB_new' 'Fish' '226' 'original.ply'],0.00033566451292789835,1.8441179990768433,0.3346117116691185
['data' 'LabeledDB_new' 'Fish' '227' 'original.ply'],0.00033566451292789835,1.8441179990768433,0.3346117116691185
['data' 'LabeledDB_new' 'Fish' '228' 'original.ply'],0.0003123602284270234,1.7922599911689758,0.013865676899568762
['data' 'LabeledDB_new' 'Fish' '229' 'original.ply'],0.0002633375615862829,1.8748250007629395,0.33359841289919684
['data' 'LabeledDB_new' 'Fish' '230' 'original.ply'],0.00029655350865001297,1.7906759977340698,0.9960809891361802
['data' 'LabeledDB_new' 'Fish' '231' 'original.ply'],0.0002273920713921322,1.788523018360138,0.9843717918831333
['data' 'LabeledDB_new' 'Fish' '232' 'original.ply'],0.00029579688999496637,1.8073819875717163,0.9801538070690121
['data' 'LabeledDB_new' 'Fish' '233' 'original.ply'],0.00013372893661668778,1.6596309542655945,0.9682383756204578
['data' 'LabeledDB_new' 'Fish' '234' 'original.ply'],0.00024367300323526088,1.8076080083847046,0.9804139277325729
['data' 'LabeledDB_new' 'Fish' '235' 'original.ply'],0.00028169411610543004,1.8171589970588684,0.9722679428090141
['data' 'LabeledDB_new' 'Fish' '236' 'original.ply'],0.0003034402878871391,1.7807459831237793,0.9736149440803482
['data' 'LabeledDB_new' 'Fish' '237' 'original.ply'],0.0003349568250871367,1.8014700412750244,0.9848467749982813
['data' 'LabeledDB_new' 'Fish' '238' 'original.ply'],0.00027326487006677205,1.7634949684143066,0.9793535021199666
['data' 'LabeledDB_new' 'Fish' '239' 'original.ply'],0.0003039094524952888,1.856531023979187,0.986713379818413
['data' 'LabeledDB_new' 'Fish' '240' 'original.ply'],0.0001987472497150849,1.745734989643097,0.9740210086146269
['data' 'LabeledDB_new' 'FourLeg' '381' 'original.ply'],0.029717818955373537,1.6341290473937988,0.9776770959820112
['data' 'LabeledDB_new' 'FourLeg' '382' 'original.ply'],0.00011652711125127366,1.5463579893112183,0.21955200562535346
['data' 'LabeledDB_new' 'FourLeg' '383' 'original.ply'],0.030491654680487753,1.8007239699363708,0.023381010432096408
['data' 'LabeledDB_new' 'FourLeg' '384' 'original.ply'],0.0004071745814392973,1.9916679859161377,0.02426146119448302
['data' 'LabeledDB_new' 'FourLeg' '385' 'original.ply'],8.388714947999939e-05,1.7621399760246277,0.9562119010940112
['data' 'LabeledDB_new' 'FourLeg' '386' 'original.ply'],0.0001529487944949236,1.6269749999046326,0.7205337064576206
['data' 'LabeledDB_new' 'FourLeg' '387' 'original.ply'],0.00024344185664313046,1.5964710116386414,0.8739990530728828
['data' 'LabeledDB_new' 'FourLeg' '388' 'original.ply'],0.00010262543249775919,1.8642969727516174,0.9931665568930205
['data' 'LabeledDB_new' 'FourLeg' '389' 'original.ply'],0.00014799608877442798,1.598384976387024,0.18375315510509724
['data' 'LabeledDB_new' 'FourLeg' '390' 'original.ply'],9.368438485864163e-05,1.6807559728622437,0.12864977172909114
['data' 'LabeledDB_new' 'FourLeg' '391' 'original.ply'],0.00020116017362097535,1.7087870240211487,0.3344409225656743
['data' 'LabeledDB_new' 'FourLeg' '392' 'original.ply'],0.00010605425710059027,1.8296040296554565,0.9994930382484224
['data' 'LabeledDB_new' 'FourLeg' '393' 'original.ply'],0.00011014117284933935,1.4334020018577576,0.2061665339764991
['data' 'LabeledDB_new' 'FourLeg' '394' 'original.ply'],0.01871000840952198,1.5248900055885315,0.352742343366067
['data' 'LabeledDB_new' 'FourLeg' '395' 'original.ply'],0.003714698298054924,1.7598960399627686,0.905857013063124
['data' 'LabeledDB_new' 'FourLeg' '396' 'original.ply'],0.0016283325242746768,1.566264033317566,0.9384674735528394
['data' 'LabeledDB_new' 'FourLeg' '397' 'original.ply'],0.00012277548830523583,1.583877980709076,0.3102335284678009
['data' 'LabeledDB_new' 'FourLeg' '398' 'original.ply'],0.002427019306089647,1.4330969750881195,0.8607798899598965
['data' 'LabeledDB_new' 'FourLeg' '399' 'original.ply'],0.0002579897406317223,1.5706290006637573,0.2320466769708356
['data' 'LabeledDB_new' 'FourLeg' '400' 'original.ply'],0.0002401530905745703,1.6767420172691345,0.32606356309950263
['data' 'LabeledDB_new' 'Glasses' '41' 'original.ply'],9.503207294720872e-05,1.0840860158205032,0.9999429517732489
['data' 'LabeledDB_new' 'Glasses' '42' 'original.ply'],0.00025603578269148584,1.250872015953064,0.9954254111329804
['data' 'LabeledDB_new' 'Glasses' '43' 'original.ply'],0.00044407046006198045,1.2558559775352478,0.3372749926809508
['data' 'LabeledDB_new' 'Glasses' '44' 'original.ply'],0.00020728605370092272,1.2120149731636047,0.34139789501238677
['data' 'LabeledDB_new' 'Glasses' '45' 'original.ply'],0.000162041101546985,1.235098958015442,0.3428147153770764
['data' 'LabeledDB_new' 'Glasses' '46' 'original.ply'],0.0006962556536001649,1.8288630247116089,0.9832424865198677
['data' 'LabeledDB_new' 'Glasses' '47' 'original.ply'],0.0009386858601642101,1.9847300052642822,0.33820711378593943
['data' 'LabeledDB_new' 'Glasses' '48' 'original.ply'],0.00021146069251170432,1.336546003818512,0.9977011379012986
['data' 'LabeledDB_new' 'Glasses' '49' 'original.ply'],0.0005361124294912511,1.6900829672813416,0.9986696146964037
['data' 'LabeledDB_new' 'Glasses' '50' 'original.ply'],9.021095500770595e-05,1.0978190004825592,0.999987586363003
['data' 'LabeledDB_new' 'Glasses' '51' 'original.ply'],0.0004618535563031169,1.5498270392417908,0.9999417258866273
['data' 'LabeledDB_new' 'Glasses' '52' 'original.ply'],0.001159700343460829,1.8791880011558533,0.9989612148365966
['data' 'LabeledDB_new' 'Glasses' '53' 'original.ply'],0.0006405116235625837,1.7701039910316467,0.984413611014749
['data' 'LabeledDB_new' 'Glasses' '54' 'original.ply'],8.237899109387798e-05,1.0977019667625427,0.3369399554288963
['data' 'LabeledDB_new' 'Glasses' '55' 'original.ply'],0.0006952907633236791,1.512943983078003,0.33457831669130617
['data' 'LabeledDB_new' 'Glasses' '56' 'original.ply'],8.899185957316998e-05,1.304199993610382,0.34892115660229167
['data' 'LabeledDB_new' 'Glasses' '57' 'original.ply'],9.063485423745878e-05,1.0974529683589935,0.9999888631517843
['data' 'LabeledDB_new' 'Glasses' '58' 'original.ply'],0.00098375001248409,1.9430939555168152,0.548543008524074
['data' 'LabeledDB_new' 'Glasses' '59' 'original.ply'],0.000520224048628549,1.763537049293518,0.999501949704805
['data' 'LabeledDB_new' 'Glasses' '60' 'original.ply'],0.0006937992774404809,1.8013330101966858,0.9853382628126447
['data' 'LabeledDB_new' 'Hand' '181' 'original.ply'],0.0002606925620298088,1.9203979969024658,0.1388906085786784
['data' 'LabeledDB_new' 'Hand' '182' 'original.ply'],0.00012185455631756165,1.8794470429420471,0.2689154830154279
['data' 'LabeledDB_new' 'Hand' '183' 'original.ply'],0.00017512138091356846,1.8605520129203796,0.5249903979236188
['data' 'LabeledDB_new' 'Hand' '184' 'original.ply'],0.00048067613603972135,1.7314929962158203,0.43417548477577816
['data' 'LabeledDB_new' 'Hand' '185' 'original.ply'],0.0072516031977053795,1.6551700234413147,0.12368315804651168
['data' 'LabeledDB_new' 'Hand' '186' 'original.ply'],0.0002518588604518264,1.828611969947815,0.07259476126201735
['data' 'LabeledDB_new' 'Hand' '187' 'original.ply'],0.0002448246773830178,1.928292989730835,0.13926697562841983
['data' 'LabeledDB_new' 'Hand' '188' 'original.ply'],0.00023816315898142677,1.777404010295868,0.3619653917002042
['data' 'LabeledDB_new' 'Hand' '189' 'original.ply'],9.02001022514439e-05,1.4416880011558533,0.7604768198655897
['data' 'LabeledDB_new' 'Hand' '190' 'original.ply'],7.232602620463387e-05,1.6097670197486877,0.44616550696185553
['data' 'LabeledDB_new' 'Hand' '191' 'original.ply'],0.00013724402837344085,1.7963119745254517,0.2963726465798228
['data' 'LabeledDB_new' 'Hand' '192' 'original.ply'],8.249553580146909e-05,1.802524983882904,0.307715387658059
['data' 'LabeledDB_new' 'Hand' '193' 'original.ply'],0.00016092593867274863,1.6053420305252075,0.3921379894893291
['data' 'LabeledDB_new' 'Hand' '194' 'original.ply'],0.00015049101483035967,1.7523929476737976,0.30335493403495367
['data' 'LabeledDB_new' 'Hand' '195' 'original.ply'],5.7882173476825237e-05,1.694359004497528,0.3332198392376124
['data' 'LabeledDB_new' 'Hand' '196' 'original.ply'],7.39936498028009e-05,1.5758429765701294,0.5434399703282683
['data' 'LabeledDB_new' 'Hand' '197' 'original.ply'],0.00014754785942533603,1.6390290260314941,0.16172055330738397
['data' 'LabeledDB_new' 'Hand' '198' 'original.ply'],0.00010156644241087434,1.941670000553131,0.053662202214995604
['data' 'LabeledDB_new' 'Hand' '199' 'original.ply'],6.529990455804155e-05,1.881538987159729,0.3363714163266765
['data' 'LabeledDB_new' 'Hand' '200' 'original.ply'],0.00034008573099793786,1.7246040105819702,0.4843535120805593
['data' 'LabeledDB_new' 'Human' '1' 'original.ply'],0.0062361211262646704,1.7960860133171082,0.012002453906129603
['data' 'LabeledDB_new' 'Human' '10' 'original.ply'],2.079216736240606e-05,1.8949329853057861,0.013645987662377504
['data' 'LabeledDB_new' 'Human' '11' 'original.ply'],0.00014894941744356572,1.79715496301651,0.0110007898117934
['data' 'LabeledDB_new' 'Human' '12' 'original.ply'],0.00029660299440172945,1.8143320083618164,0.009777602218982611
['data' 'LabeledDB_new' 'Human' '13' 'original.ply'],0.0018318200975156944,1.9587909579277039,0.26139894397607705
['data' 'LabeledDB_new' 'Human' '14' 'original.ply'],0.0036057511670440886,1.1958869695663452,0.40911517254278956
['data' 'LabeledDB_new' 'Human' '15' 'original.ply'],0.005258076985065391,1.4508310556411743,0.34621844749432823
['data' 'LabeledDB_new' 'Human' '16' 'original.ply'],0.000567067126711209,1.7376559972763062,0.320332642850195
['data' 'LabeledDB_new' 'Human' '17' 'original.ply'],0.0021721736490359525,1.6662189960479736,0.34455577860847303
['data' 'LabeledDB_new' 'Human' '18' 'original.ply'],0.00043464991632391166,1.7049829959869385,0.3271353316981525
['data' 'LabeledDB_new' 'Human' '19' 'original.ply'],0.0010295886675499696,1.9539819955825806,0.2787001446153062
['data' 'LabeledDB_new' 'Human' '2' 'original.ply'],5.1603025680665135e-05,1.8762330412864685,0.03421464638940109
['data' 'LabeledDB_new' 'Human' '20' 'original.ply'],0.0018870570461743993,1.9117689728736877,0.26892588377145865
['data' 'LabeledDB_new' 'Human' '3' 'original.ply'],0.007248108860754233,1.4940420389175415,0.24688249906601645
['data' 'LabeledDB_new' 'Human' '4' 'original.ply'],0.005380221652711935,1.4537639617919922,0.3462349234505772
['data' 'LabeledDB_new' 'Human' '5' 'original.ply'],0.0035467771356961857,1.9314470291137695,0.2730758264322306
['data' 'LabeledDB_new' 'Human' '6' 'original.ply'],0.001119708143027375,1.7484059929847717,0.3357158774662388
['data' 'LabeledDB_new' 'Human' '7' 'original.ply'],0.00010494055096604808,1.8608279824256897,0.3450627500361758
['data' 'LabeledDB_new' 'Human' '8' 'original.ply'],0.00015830297068171028,1.8301169872283936,0.1998846515028486
['data' 'LabeledDB_new' 'Human' '9' 'original.ply'],5.244880462161749e-05,1.8251239657402039,0.19353806971437673
['data' 'LabeledDB_new' 'Mech' '321' 'original.ply'],0.0006432550460326895,1.4551060199737549,0.3322525797717624
['data' 'LabeledDB_new' 'Mech' '322' 'original.ply'],0.0005769805646913198,1.4557740092277527,0.32497260368496805
['data' 'LabeledDB_new' 'Mech' '323' 'original.ply'],0.0005643573459235183,1.4545909762382507,0.1483895890725527
['data' 'LabeledDB_new' 'Mech' '324' 'original.ply'],0.007795413990787106,1.3537520170211792,0.2653999432711544
['data' 'LabeledDB_new' 'Mech' '325' 'original.ply'],0.00066018796793492,1.6046870350837708,0.26105406991938307
['data' 'LabeledDB_new' 'Mech' '326' 'original.ply'],0.0006761707960613775,1.5361730456352234,0.9200409157661241
['data' 'LabeledDB_new' 'Mech' '327' 'original.ply'],0.0005982055683110271,1.4400440454483032,0.8754164802384335
['data' 'LabeledDB_new' 'Mech' '328' 'original.ply'],0.0005636158941638374,1.473127007484436,0.3337656986610215
['data' 'LabeledDB_new' 'Mech' '329' 'original.ply'],0.0006666343791217807,1.4650599956512451,0.32144711419067046
['data' 'LabeledDB_new' 'Mech' '330' 'original.ply'],0.0006535661110619475,1.4641570448875427,0.2879813880697681
['data' 'LabeledDB_new' 'Mech' '331' 'original.ply'],0.0006593911754587454,1.5686299800872803,0.14355167040477676
['data' 'LabeledDB_new' 'Mech' '332' 'original.ply'],0.0006797643345451034,1.5709750056266785,0.3248031966768057
['data' 'LabeledDB_new' 'Mech' '333' 'original.ply'],0.0006892336062562331,1.5503010153770447,0.37482565435663556
['data' 'LabeledDB_new' 'Mech' '334' 'original.ply'],0.0005060866504150343,1.3176400065422058,0.3351169767638145
['data' 'LabeledDB_new' 'Mech' '335' 'original.ply'],0.00018911238817397844,1.4555950164794922,0.33225257499924626
['data' 'LabeledDB_new' 'Mech' '336' 'original.ply'],2.082336970142693e-06,1.4653769731521606,0.2754051501603238
['data' 'LabeledDB_new' 'Mech' '337' 'original.ply'],8.185032860209014e-05,1.765548050403595,0.3585823083215036
['data' 'LabeledDB_new' 'Mech' '338' 'original.ply'],0.00042507938050519693,1.4953449964523315,0.40552344517774713
['data' 'LabeledDB_new' 'Mech' '339' 'original.ply'],4.1948715391321674e-05,1.5683580040931702,0.1435519778975781
['data' 'LabeledDB_new' 'Mech' '340' 'original.ply'],6.320189433520203e-05,1.3171449899673462,0.3351169774625613
['data' 'LabeledDB_new' 'Octopus' '121' 'original.ply'],0.0003302404953131669,1.9783599972724915,0.9812678775385729
['data' 'LabeledDB_new' 'Octopus' '122' 'original.ply'],0.00023739664302372158,1.842136025428772,0.9992340996086323
['data' 'LabeledDB_new' 'Octopus' '123' 'original.ply'],8.003443664682959e-05,1.398538053035736,0.5114348375740405
['data' 'LabeledDB_new' 'Octopus' '124' 'original.ply'],0.0005897789051125396,1.7787870168685913,0.5854928326701643
['data' 'LabeledDB_new' 'Octopus' '125' 'original.ply'],0.2249840370664219,1.0565380156040192,0.5008065092522666
['data' 'LabeledDB_new' 'Octopus' '126' 'original.ply'],0.0002441878077507399,1.7153100371360779,0.13431855008556437
['data' 'LabeledDB_new' 'Octopus' '127' 'original.ply'],0.000116532884331325,1.6110879778862,0.6993985993564215
['data' 'LabeledDB_new' 'Octopus' '128' 'original.ply'],0.00023635073629211102,1.675458014011383,0.19950968274416495
['data' 'LabeledDB_new' 'Octopus' '129' 'original.ply'],0.0002861103552327241,1.8483570218086243,0.9504088777451679
['data' 'LabeledDB_new' 'Octopus' '130' 'original.ply'],0.00019281284681875563,1.650884985923767,0.5762154825478539
['data' 'LabeledDB_new' 'Octopus' '131' 'original.ply'],0.00011475093669347941,1.4821760058403015,0.38988947887342923
['data' 'LabeledDB_new' 'Octopus' '132' 'original.ply'],0.0002131219399643414,1.922767996788025,0.33352439120040267
['data' 'LabeledDB_new' 'Octopus' '133' 'original.ply'],0.00012731917468337584,1.6274960041046143,0.5052127495375948
['data' 'LabeledDB_new' 'Octopus' '134' 'original.ply'],0.00010468970178924019,1.6771129965782166,0.4234465002144816
['data' 'LabeledDB_new' 'Octopus' '135' 'original.ply'],8.565204000701127e-05,1.4524419903755188,0.39381329180987384
['data' 'LabeledDB_new' 'Octopus' '136' 'original.ply'],9.345453107320026e-05,1.4047069549560547,0.8301330496332829
['data' 'LabeledDB_new' 'Octopus' '137' 'original.ply'],0.00013300619884665056,1.3244810104370117,0.803908817055388
['data' 'LabeledDB_new' 'Octopus' '138' 'original.ply'],0.0002362168831730008,1.5995149612426758,0.6837541877655476
['data' 'LabeledDB_new' 'Octopus' '139' 'original.ply'],0.00010814177861635613,1.4810830354690552,0.9368061778615822
['data' 'LabeledDB_new' 'Octopus' '140' 'original.ply'],0.000147972550268701,1.5985850095748901,0.877673436233369
['data' 'LabeledDB_new' 'Plier' '201' 'original.ply'],0.0003942480676159407,1.835686981678009,0.10104303807854555
['data' 'LabeledDB_new' 'Plier' '202' 'original.ply'],0.00038220056256141284,1.8315510153770447,0.08872452517660277
['data' 'LabeledDB_new' 'Plier' '203' 'original.ply'],0.0004241573051340366,1.813082993030548,0.07825640530060769
['data' 'LabeledDB_new' 'Plier' '204' 'original.ply'],0.0004102610647726829,1.7366960048675537,0.32649056316570396
['data' 'LabeledDB_new' 'Plier' '205' 'original.ply'],0.00033993072639047734,1.8736739754676819,0.06665656203414902
['data' 'LabeledDB_new' 'Plier' '206' 'original.ply'],0.0003339652880964202,1.8143340349197388,0.036856782132180896
['data' 'LabeledDB_new' 'Plier' '207' 'original.ply'],0.000279479057209525,1.7527009844779968,0.0035307629860872117
['data' 'LabeledDB_new' 'Plier' '208' 'original.ply'],0.0001982330798449402,1.6143059730529785,0.33256728536859376
['data' 'LabeledDB_new' 'Plier' '209' 'original.ply'],0.0003432810459052184,1.6154749989509583,0.3363447220717326
['data' 'LabeledDB_new' 'Plier' '210' 'original.ply'],0.00032018109325101195,1.6720860004425049,0.33568256135631086
['data' 'LabeledDB_new' 'Plier' '211' 'original.ply'],0.0004169966744122199,1.7132920026779175,0.3272116110053858
['data' 'LabeledDB_new' 'Plier' '212' 'original.ply'],0.0004350708986960756,1.7785639762878418,0.31690854365753895
['data' 'LabeledDB_new' 'Plier' '213' 'original.ply'],0.0004500593039093691,1.7402340173721313,0.17118406445898512
['data' 'LabeledDB_new' 'Plier' '214' 'original.ply'],0.0004590704717912528,1.8033749461174011,0.14395596541327307
['data' 'LabeledDB_new' 'Plier' '215' 'original.ply'],0.0003757559280706817,1.8607839941978455,0.12257554649318973
['data' 'LabeledDB_new' 'Plier' '216' 'original.ply'],0.0003618636501961258,1.8707149624824524,0.10421000738795057
['data' 'LabeledDB_new' 'Plier' '217' 'original.ply'],0.00025381856117317103,1.765837013721466,0.036444148186968846
['data' 'LabeledDB_new' 'Plier' '218' 'original.ply'],0.00017467568878863927,1.6145750284194946,0.007644528464982933
['data' 'LabeledDB_new' 'Plier' '219' 'original.ply'],0.0006432760694436664,1.562595009803772,0.3228091637667285
['data' 'LabeledDB_new' 'Plier' '220' 'original.ply'],0.0003744516053295738,1.5733720064163208,0.3212976472884515
['data' 'LabeledDB_new' 'Table' '141' 'original.ply'],6.274641304499035e-05,1.6804799437522888,0.9985964667273247
['data' 'LabeledDB_new' 'Table' '142' 'original.ply'],0.00018456307956947015,1.9826160073280334,0.33447736351845947
['data' 'LabeledDB_new' 'Table' '143' 'original.ply'],0.00019519755821347223,1.9816340208053589,0.334359167182648
['data' 'LabeledDB_new' 'Table' '144' 'original.ply'],0.00012004418218586027,1.982759952545166,0.33495643567637096
['data' 'LabeledDB_new' 'Table' '145' 'original.ply'],6.591099844597703e-05,1.2720609903335571,0.3403656002987507
['data' 'LabeledDB_new' 'Table' '146' 'original.ply'],0.00011491301133399928,1.4359619617462158,0.06589632124929677
['data' 'LabeledDB_new' 'Table' '147' 'original.ply'],8.947781365204274e-05,1.6199270486831665,0.33628191526426693
['data' 'LabeledDB_new' 'Table' '148' 'original.ply'],0.00013790760405098604,1.968641996383667,0.27157470525770705
['data' 'LabeledDB_new' 'Table' '149' 'original.ply'],0.0001354719060592773,1.96670800447464,0.33222451290436794
['data' 'LabeledDB_new' 'Table' '150' 'original.ply'],0.00010345745259464904,1.1331100016832352,0.013315935282319656
['data' 'LabeledDB_new' 'Table' '151' 'original.ply'],8.875999397351155e-05,1.3379340171813965,0.005011538269740619
['data' 'LabeledDB_new' 'Table' '152' 'original.ply'],0.0001455871868690183,1.6464009881019592,0.012793825404360791
['data' 'LabeledDB_new' 'Table' '153' 'original.ply'],7.280915473300767e-05,1.6053460240364075,0.33440887596085944
['data' 'LabeledDB_new' 'Table' '154' 'original.ply'],0.00011535222799241968,1.5907250046730042,0.9588433277057445
['data' 'LabeledDB_new' 'Table' '155' 'original.ply'],0.0001341357301231775,1.9135279655456543,0.3405531527680096
['data' 'LabeledDB_new' 'Table' '156' 'original.ply'],0.00014674467588704553,1.6722649931907654,0.2950321857400316
['data' 'LabeledDB_new' 'Table' '157' 'original.ply'],0.00013616604455322587,1.947642982006073,0.3322290809184118
['data' 'LabeledDB_new' 'Table' '158' 'original.ply'],0.00010660810732324737,1.369599997997284,0.276343463671711
['data' 'LabeledDB_new' 'Table' '159' 'original.ply'],7.54691505870512e-05,1.5004510283470154,0.3453934285395264
['data' 'LabeledDB_new' 'Table' '160' 'original.ply'],0.00017083261759529882,1.5427259802818298,0.3566272640940403
['data' 'LabeledDB_new' 'Teddy' '161' 'original.ply'],0.00010330858825573191,1.6710399985313416,0.35484553750557507
['data' 'LabeledDB_new' 'Teddy' '162' 'original.ply'],0.00012937389994652324,1.8697319626808167,0.34652198472241197
['data' 'LabeledDB_new' 'Teddy' '163' 'original.ply'],0.00014645122811546464,1.8637750148773193,0.33185087616562087
['data' 'LabeledDB_new' 'Teddy' '164' 'original.ply'],0.00013550853504551807,1.6737629771232605,0.37547249452005943
['data' 'LabeledDB_new' 'Teddy' '165' 'original.ply'],0.00017290001609902337,1.9021680355072021,0.33172449199627524
['data' 'LabeledDB_new' 'Teddy' '166' 'original.ply'],0.00015792711027691223,1.8233180046081543,0.35328435652037316
['data' 'LabeledDB_new' 'Teddy' '167' 'original.ply'],0.00013812349893568384,1.7214789986610413,0.3749504177956496
['data' 'LabeledDB_new' 'Teddy' '168' 'original.ply'],0.00017101049837524667,1.8459399938583374,0.3617574475364647
['data' 'LabeledDB_new' 'Teddy' '169' 'original.ply'],0.00012754613575272016,1.815483033657074,0.3479471286202797
['data' 'LabeledDB_new' 'Teddy' '170' 'original.ply'],0.00012608284742114412,1.743237018585205,0.3653368880124328
['data' 'LabeledDB_new' 'Teddy' '171' 'original.ply'],5.7955431559715904e-05,1.7972270250320435,0.34799706476675696
['data' 'LabeledDB_new' 'Teddy' '172' 'original.ply'],0.00013356052890072878,1.9234169721603394,0.3515988022963599
['data' 'LabeledDB_new' 'Teddy' '173' 'original.ply'],4.7689013645890235e-05,1.5952829718589783,0.3410629304715927
['data' 'LabeledDB_new' 'Teddy' '174' 'original.ply'],7.465086372583701e-05,1.7530959844589233,0.35137803004070123
['data' 'LabeledDB_new' 'Teddy' '175' 'original.ply'],0.00017863982957720085,1.901507019996643,0.3667258970115977
['data' 'LabeledDB_new' 'Teddy' '176' 'original.ply'],7.27248461401643e-05,1.6326469779014587,0.40420112744711206
['data' 'LabeledDB_new' 'Teddy' '177' 'original.ply'],0.00010603828308784153,1.676587998867035,0.3454502654287121
['data' 'LabeledDB_new' 'Teddy' '178' 'original.ply'],0.00011424580644503375,1.6450579762458801,0.3332833958133801
['data' 'LabeledDB_new' 'Teddy' '179' 'original.ply'],0.00010280368468343973,1.6583110094070435,0.4100578863038018
['data' 'LabeledDB_new' 'Teddy' '180' 'original.ply'],0.00017632322135356909,1.8148980140686035,0.3351177921704451
['data' 'LabeledDB_new' 'Vase' '361' 'original.ply'],6.992805061834925e-05,1.9429770112037659,0.33890919300864386
['data' 'LabeledDB_new' 'Vase' '362' 'original.ply'],2.5727302384981037e-05,1.6335110068321228,0.3619575461614699
['data' 'LabeledDB_new' 'Vase' '363' 'original.ply'],4.8228900783777e-05,1.6519359946250916,0.27352562550571025
['data' 'LabeledDB_new' 'Vase' '364' 'original.ply'],4.9624032011255874e-05,1.6515510082244873,0.9963914634892048
['data' 'LabeledDB_new' 'Vase' '365' 'original.ply'],5.1421140610546685e-05,1.694778025150299,0.3412746060296586
['data' 'LabeledDB_new' 'Vase' '366' 'original.ply'],4.938246703025645e-05,1.844393014907837,0.24543002010903445
['data' 'LabeledDB_new' 'Vase' '367' 'original.ply'],0.0006552375899335497,1.8510169982910156,0.9997372248763048
['data' 'LabeledDB_new' 'Vase' '368' 'original.ply'],4.589261058292924e-05,1.338828980922699,0.28706232140540877
['data' 'LabeledDB_new' 'Vase' '369' 'original.ply'],1.1887962024983253e-05,1.7428799867630005,0.4324995199615496
['data' 'LabeledDB_new' 'Vase' '370' 'original.ply'],1.1536298728817542e-05,1.8285940289497375,0.2939269062041107
['data' 'LabeledDB_new' 'Vase' '371' 'original.ply'],4.616806674057426e-05,1.7372210025787354,0.32914492917360294
['data' 'LabeledDB_new' 'Vase' '372' 'original.ply'],0.00010919464438708895,1.4859740138053894,0.465832788959815
['data' 'LabeledDB_new' 'Vase' '373' 'original.ply'],9.475147509914168e-06,1.8842909932136536,0.3391137905067559
['data' 'LabeledDB_new' 'Vase' '374' 'original.ply'],4.433739714991482e-05,1.9293839931488037,0.26278467300532676
['data' 'LabeledDB_new' 'Vase' '375' 'original.ply'],5.72706175652227e-05,1.8783400058746338,0.36847292372085083
['data' 'LabeledDB_new' 'Vase' '376' 'original.ply'],7.262320099818737e-05,1.990215003490448,0.38749624940882005
['data' 'LabeledDB_new' 'Vase' '377' 'original.ply'],9.818156340122533e-05,1.6634929776191711,0.3355887756716978
['data' 'LabeledDB_new' 'Vase' '378' 'original.ply'],0.00011068623876475264,1.4842190146446228,0.46548197106185024
['data' 'LabeledDB_new' 'Vase' '379' 'original.ply'],0.0003681942764174289,1.8387410044670105,0.9999042146257192
['data' 'LabeledDB_new' 'Vase' '380' 'original.ply'],4.904499547794485e-05,1.597053050994873,0.3344764971505149
