path,surface_area,compactness,rectangularity,diameter,eccentricity
['data' 'LabeledDB_new' 'Airplane' '61' 'original.ply'],1.915367708,11.485355032971043,0.10495613211031438,1.9655930395984773,29.590526388129284
['data' 'LabeledDB_new' 'Airplane' '62' 'original.ply'],2.069691299,7.099637467416645,0.07582682555392604,1.9531221524786755,23.334838972502943
['data' 'LabeledDB_new' 'Airplane' '63' 'original.ply'],2.161627455,8.075894441638042,0.07721237150377401,1.994663196558449,22.769527464688306
['data' 'LabeledDB_new' 'Airplane' '64' 'original.ply'],2.279627611,10.529148859206632,0.07173186964180679,1.861235584711179,31.412626230179164
['data' 'LabeledDB_new' 'Airplane' '65' 'original.ply'],1.860338217,12.68387141281899,0.06330439510232906,1.7242407296506566,35.84215188704054
['data' 'LabeledDB_new' 'Airplane' '66' 'original.ply'],2.128028831,22.947313597256077,0.07596115939331764,1.7049772830162693,61.89051646695474
['data' 'LabeledDB_new' 'Airplane' '67' 'original.ply'],2.477437099,12.445492815316875,0.07689052995546376,1.8133351120983012,33.09176844123686
['data' 'LabeledDB_new' 'Airplane' '68' 'original.ply'],1.724380777,15.079089586750532,0.055182730484030815,1.7751502637784249,33.12526379145367
['data' 'LabeledDB_new' 'Airplane' '69' 'original.ply'],2.249767044,13.59841550372128,0.08447851494179079,1.8996630175190838,36.03699371839457
['data' 'LabeledDB_new' 'Airplane' '70' 'original.ply'],2.03024253,20.854906747641863,0.05987561118009552,1.9892534696283868,75.45020724948392
['data' 'LabeledDB_new' 'Airplane' '71' 'original.ply'],2.17761852,12.065502464065274,0.06255869653546318,1.9784586904303358,27.538581235699677
['data' 'LabeledDB_new' 'Airplane' '72' 'original.ply'],1.921655269,14.31549892505878,0.06109294493991658,1.979170581343597,42.062494750290604
['data' 'LabeledDB_new' 'Airplane' '73' 'original.ply'],1.848657782,13.185281735998608,0.0532743080983355,1.9572330147933796,40.08553853740481
['data' 'LabeledDB_new' 'Airplane' '74' 'original.ply'],1.849685567,10.423778152743298,0.06974704034255141,1.9581493094847715,40.054684028148664
['data' 'LabeledDB_new' 'Airplane' '75' 'original.ply'],2.595345323,15.795023830913511,0.11918999671432261,1.7583431275511767,34.61314996545977
['data' 'LabeledDB_new' 'Airplane' '76' 'original.ply'],1.994027349,8.58144092475038,0.07349748927169258,1.8508279072180494,37.60032102593043
['data' 'LabeledDB_new' 'Airplane' '77' 'original.ply'],2.053608759,12.4550650774227,0.055637597680046696,1.8118491175732647,35.95171508601206
['data' 'LabeledDB_new' 'Airplane' '78' 'original.ply'],2.406254075,16.411153066819768,0.043509874820708096,1.9030209369033761,38.13440100995662
['data' 'LabeledDB_new' 'Airplane' '79' 'original.ply'],2.407611887,17.232529564179966,0.04838289174693062,1.9522222269983411,22.29938141236387
['data' 'LabeledDB_new' 'Airplane' '80' 'original.ply'],2.554367552,17.385057415235,0.05751058093195974,1.922655954913752,24.476737790926933
['data' 'LabeledDB_new' 'Ant' '100' 'original.ply'],2.366413221,14.19171120374749,0.06669940814533211,1.7251555833690873,5.781866583499653
['data' 'LabeledDB_new' 'Ant' '81' 'original.ply'],2.175360147,10.260439446380394,0.07873888986094231,1.8382229168878677,8.669880066701223
['data' 'LabeledDB_new' 'Ant' '82' 'original.ply'],2.778507015,9.950914839479786,0.07192110370815462,1.8488917528134188,7.06874574883322
['data' 'LabeledDB_new' 'Ant' '83' 'original.ply'],2.32874671,9.617214015663656,0.08533983391702142,1.9099718046336671,13.614360498887073
['data' 'LabeledDB_new' 'Ant' '84' 'original.ply'],2.215585276,11.855395662996655,0.06263696859357065,1.7944004601948054,6.314398524421937
['data' 'LabeledDB_new' 'Ant' '85' 'original.ply'],2.689455745,11.099982405354046,0.10679596759367901,1.8963938143335914,21.165506876621514
['data' 'LabeledDB_new' 'Ant' '86' 'original.ply'],2.445923583,8.585087773698474,0.12555245400615106,1.8704414852783653,8.57198788666736
['data' 'LabeledDB_new' 'Ant' '87' 'original.ply'],2.663823593,8.546417740194675,0.07239211542206139,1.9079791605187417,9.375319430919886
['data' 'LabeledDB_new' 'Ant' '88' 'original.ply'],2.847303205,10.38945056009111,0.050157301683323226,1.861510544536948,7.05580589627397
['data' 'LabeledDB_new' 'Ant' '89' 'original.ply'],2.581576438,14.071425143791052,0.08775444879662105,1.852446567766093,13.4280244412627
['data' 'LabeledDB_new' 'Ant' '90' 'original.ply'],2.697030497,10.697863240927026,0.07467831509458422,1.8366656884469281,6.5171200291533475
['data' 'LabeledDB_new' 'Ant' '91' 'original.ply'],2.869964931,9.783587332586498,0.07875939305959231,1.8221448612393452,6.911205624367913
['data' 'LabeledDB_new' 'Ant' '92' 'original.ply'],2.189545086,8.958032862639378,0.09679872640517463,1.946821103593413,14.61971892399558
['data' 'LabeledDB_new' 'Ant' '93' 'original.ply'],2.849598762,8.651663255373581,0.07580960783758539,1.8964555015712727,11.223817270828965
['data' 'LabeledDB_new' 'Ant' '94' 'original.ply'],2.276848176,14.714779344653516,0.052667372935622174,1.8281657487274572,20.842242674699982
['data' 'LabeledDB_new' 'Ant' '95' 'original.ply'],2.445665084,8.763817348650235,0.11994867983275635,1.881393298067636,21.429680168410155
['data' 'LabeledDB_new' 'Ant' '96' 'original.ply'],2.59129351,14.320613030904068,0.06013288077053174,1.8748324531087084,23.568840756079023
['data' 'LabeledDB_new' 'Ant' '97' 'original.ply'],2.510812251,13.972726868182933,0.14013919012991946,1.8446480902871256,20.222017602298074
['data' 'LabeledDB_new' 'Ant' '98' 'original.ply'],2.316680912,8.0326218379229,0.09084218953260931,1.934170964091958,12.41715874257131
['data' 'LabeledDB_new' 'Ant' '99' 'original.ply'],2.217973129,14.422428172029601,0.048394485163960124,1.8128002093457487,10.626147654455185
['data' 'LabeledDB_new' 'Armadillo' '281' 'original.ply'],3.043360521,7.634523399745245,0.09638832937265521,1.7153211903731174,3.9360565570391857
['data' 'LabeledDB_new' 'Armadillo' '282' 'original.ply'],3.289124931,0.0,inf,1.8248408551889783,5.711594428453907
['data' 'LabeledDB_new' 'Armadillo' '283' 'original.ply'],2.609718047,8.794851176789425,0.08580552795589415,1.9896561474769812,14.160458240796737
['data' 'LabeledDB_new' 'Armadillo' '284' 'original.ply'],3.408715296,0.0,inf,1.6577509413928908,2.7711348914523226
['data' 'LabeledDB_new' 'Armadillo' '285' 'original.ply'],3.813834789,7.937003936576071,0.10845035824385608,1.725435544793691,4.642605148916915
['data' 'LabeledDB_new' 'Armadillo' '286' 'original.ply'],4.577652173,8.839777575513791,0.132985677280715,1.6997228388340808,2.080351232459628
['data' 'LabeledDB_new' 'Armadillo' '287' 'original.ply'],4.26706095,0.0,inf,1.8594117907108743,3.5314726967052517
['data' 'LabeledDB_new' 'Armadillo' '288' 'original.ply'],4.398618095,8.091947837611443,0.10157254979536605,1.7579494411443264,1.9814899180696524
['data' 'LabeledDB_new' 'Armadillo' '289' 'original.ply'],3.631510118,8.562732572450368,0.05589392675137213,1.839606188266805,2.7083891490067233
['data' 'LabeledDB_new' 'Armadillo' '290' 'original.ply'],2.84573892,0.0,inf,1.9415386123482934,4.626757482514399
['data' 'LabeledDB_new' 'Armadillo' '291' 'original.ply'],4.062041478,0.0,inf,1.917101695211207,5.4601201553478305
['data' 'LabeledDB_new' 'Armadillo' '292' 'original.ply'],3.062498926,6.88630372684011,0.09704473724553624,1.6662220931837122,4.329088469543099
['data' 'LabeledDB_new' 'Armadillo' '293' 'original.ply'],3.149469428,6.806643501056013,0.14774406443352528,1.8361274523815438,5.536840426855834
['data' 'LabeledDB_new' 'Armadillo' '294' 'original.ply'],2.338783316,7.725135330326217,0.10290276203797258,1.960498960498369,15.329863476374568
['data' 'LabeledDB_new' 'Armadillo' '295' 'original.ply'],2.698109311,5.507364106058999,0.09919825497527548,1.6158257002395116,4.94114307327848
['data' 'LabeledDB_new' 'Armadillo' '296' 'original.ply'],3.573307265,6.2363312928599095,0.14226376060797827,1.7771830553035404,7.675140270407585
['data' 'LabeledDB_new' 'Armadillo' '297' 'original.ply'],4.105541119,6.617497203583121,0.14874205960242537,1.7399044921825637,2.5115007194497534
['data' 'LabeledDB_new' 'Armadillo' '298' 'original.ply'],4.024037758,7.369896849923557,0.1021741643477211,1.8633445616889523,3.4590330263569937
['data' 'LabeledDB_new' 'Armadillo' '299' 'original.ply'],4.183994036,7.105600248504369,0.0983266594285526,1.7744855746563546,2.1498819770019537
['data' 'LabeledDB_new' 'Armadillo' '300' 'original.ply'],3.371262803,7.491567902802935,0.05726641275929624,1.82275807301623,2.4683733767210265
['data' 'LabeledDB_new' 'Bearing' '341' 'original.ply'],1.792620132,3.6452575578486925,0.3576602974913774,1.5627879785477023,15.016170402391813
['data' 'LabeledDB_new' 'Bearing' '342' 'original.ply'],2.750507766,3.6452634531285577,0.3576593037586648,1.9358082447000378,15.016160973807633
['data' 'LabeledDB_new' 'Bearing' '343' 'original.ply'],2.552299738,3.6452632152585713,0.3576601607828234,1.8647548328840249,15.025742058171252
['data' 'LabeledDB_new' 'Bearing' '344' 'original.ply'],1.962305279,2.5277224998795527,0.48288804031114946,1.298653600424556,6.334481199417139
['data' 'LabeledDB_new' 'Bearing' '345' 'original.ply'],1.959582697,2.5949428600978734,0.4661340824630016,1.2943798456860203,6.632481165206515
['data' 'LabeledDB_new' 'Bearing' '346' 'original.ply'],1.956009899,2.566494201229387,0.4640289940649929,1.2937444523901815,6.410559094428844
['data' 'LabeledDB_new' 'Bearing' '347' 'original.ply'],4.27041123,1.9523243854820367,0.7003576720968197,1.922393289964148,8.379055476653122
['data' 'LabeledDB_new' 'Bearing' '348' 'original.ply'],0.484242773,3.8395064492801976,0.6675326562419052,1.0131312121503906,26.59367540065115
['data' 'LabeledDB_new' 'Bearing' '349' 'original.ply'],1.467524185,0.0,inf,1.7637101302453138,20.02155612908058
['data' 'LabeledDB_new' 'Bearing' '350' 'original.ply'],1.625176163,3.7646995902806855,0.6662474752849199,1.8634108808974112,32.264822056483276
['data' 'LabeledDB_new' 'Bearing' '351' 'original.ply'],2.628244339,0.0,inf,1.8832681959364497,17.483150435869142
['data' 'LabeledDB_new' 'Bearing' '352' 'original.ply'],2.075969717,2.905088786988826,0.4698114982291885,1.6659565804235614,10.188100212395273
['data' 'LabeledDB_new' 'Bearing' '353' 'original.ply'],1.402993168,4.689700452499535,0.27036003252577484,1.830469449422071,31.88203648947032
['data' 'LabeledDB_new' 'Bearing' '354' 'original.ply'],0.913352418,0.0,inf,1.2471467619177625,16.8035081645786
['data' 'LabeledDB_new' 'Bearing' '355' 'original.ply'],1.621179973,4.171915616619245,0.7728420459025865,1.9989841167302835,41.39309997023767
['data' 'LabeledDB_new' 'Bearing' '356' 'original.ply'],1.621251035,4.170820922472479,0.7728380931658226,1.9991147363453636,41.39301913041042
['data' 'LabeledDB_new' 'Bearing' '357' 'original.ply'],1.807645558,16.012257135171474,0.8299047828467472,1.992112709067823,150.6366745364356
['data' 'LabeledDB_new' 'Bearing' '358' 'original.ply'],2.460135494,11.824202770323254,0.09403071911576856,1.3403465883151966,2.5085846527142515
['data' 'LabeledDB_new' 'Bearing' '359' 'original.ply'],2.475822242,11.826745952152793,0.09403064952543978,1.3445719099592492,2.5518864296096684
['data' 'LabeledDB_new' 'Bearing' '360' 'original.ply'],0.024015347,3.6612514444493676,0.666371539543391,0.1943958646502683,20.944450557127755
['data' 'LabeledDB_new' 'Bird' '241' 'original.ply'],1.391808088,8.455247512512125,0.0670980857036785,1.9879284240602413,32.697566747085446
['data' 'LabeledDB_new' 'Bird' '242' 'original.ply'],2.830909962,9.873059020886759,0.07519952660139773,1.8179114726691994,5.028514115497922
['data' 'LabeledDB_new' 'Bird' '243' 'original.ply'],1.390810548,7.461801900866468,0.09823485907848953,1.9925540770022734,63.79463216061991
['data' 'LabeledDB_new' 'Bird' '244' 'original.ply'],1.740758728,13.193936085850192,0.11756393097072183,1.9680809833386026,56.016854635778664
['data' 'LabeledDB_new' 'Bird' '245' 'original.ply'],2.424967908,15.855834631530659,0.05061764828852253,1.8153853402984674,5.180941043921301
['data' 'LabeledDB_new' 'Bird' '246' 'original.ply'],1.63128602,11.16451832191819,0.08511667792249523,1.9493353497319088,21.185696511838167
['data' 'LabeledDB_new' 'Bird' '247' 'original.ply'],2.075568858,13.033053385193194,0.05744252592089127,1.8563902933784335,7.948537591335065
['data' 'LabeledDB_new' 'Bird' '248' 'original.ply'],2.805618529,18.83637372716921,0.04727493100674595,1.5817022682758102,2.168779462971232
['data' 'LabeledDB_new' 'Bird' '249' 'original.ply'],1.384294854,11.650760317766526,0.060399829931207905,1.9659479376422773,30.40155957181388
['data' 'LabeledDB_new' 'Bird' '250' 'original.ply'],1.691937102,14.328083635992506,0.1143347009358229,1.9148128287108004,82.89106293232206
['data' 'LabeledDB_new' 'Bird' '251' 'original.ply'],1.390810548,7.461801900866468,0.09823485907848953,1.9925540770022734,63.79463216061991
['data' 'LabeledDB_new' 'Bird' '252' 'original.ply'],2.212830616,13.27365054566654,0.05957738898048358,1.7373312077978922,6.560723504586788
['data' 'LabeledDB_new' 'Bird' '253' 'original.ply'],2.234142223,15.027529674971364,0.05649797855665285,1.839706247587894,21.698091381707773
['data' 'LabeledDB_new' 'Bird' '254' 'original.ply'],1.516198088,13.51925645895361,0.11982953505443378,1.9948460523799736,90.74725567576357
['data' 'LabeledDB_new' 'Bird' '255' 'original.ply'],1.992186019,9.079999242844254,0.08048954572819711,1.9415843855300297,8.684376831442622
['data' 'LabeledDB_new' 'Bird' '256' 'original.ply'],2.027420816,10.16695861256145,0.029153416880132798,1.9408442113976023,10.670061113512872
['data' 'LabeledDB_new' 'Bird' '257' 'original.ply'],1.933832245,58.263862003684324,0.06635864873591572,1.9144403273402155,74.04346264335506
['data' 'LabeledDB_new' 'Bird' '258' 'original.ply'],3.037991482,0.0,inf,1.6185285526400106,5.956618038288675
['data' 'LabeledDB_new' 'Bird' '259' 'original.ply'],3.056228952,11.087522734375058,0.08565013700447943,1.8049800843122512,8.48788519447453
['data' 'LabeledDB_new' 'Bird' '260' 'original.ply'],2.450986452,14.867421352902088,0.06792211757084016,1.3620936272182558,4.442198780792597
['data' 'LabeledDB_new' 'Bust' '301' 'original.ply'],4.853562981,2.7505341761478515,0.39373644472149405,1.944219565978888,5.307026120598376
['data' 'LabeledDB_new' 'Bust' '302' 'original.ply'],5.938424116,0.0,inf,1.8360352465174876,4.723783469198314
['data' 'LabeledDB_new' 'Bust' '303' 'original.ply'],3.843803535,3.029686497739413,0.26697795708945343,1.6104817627545074,3.4775945214615542
['data' 'LabeledDB_new' 'Bust' '304' 'original.ply'],4.453504381,3.9652365988200056,0.2870816316902232,1.951628136187098,9.022933518911337
['data' 'LabeledDB_new' 'Bust' '305' 'original.ply'],7.408598652,3.5309975121538635,0.2964895349211063,1.9469985343483232,2.5514278400733286
['data' 'LabeledDB_new' 'Bust' '306' 'original.ply'],4.672392481,2.399615196623826,0.2890388780841532,1.7107212064522028,3.9178799564090174
['data' 'LabeledDB_new' 'Bust' '307' 'original.ply'],7.653518233,2.2295451034904055,0.25919454685880056,1.9354647983493825,2.244022118826891
['data' 'LabeledDB_new' 'Bust' '308' 'original.ply'],8.530232133,1.7068893687218685,0.3704643772626395,1.925382106821034,1.8220039493807083
['data' 'LabeledDB_new' 'Bust' '309' 'original.ply'],5.382422937,0.0,inf,1.6717956921477597,2.2222414512995297
['data' 'LabeledDB_new' 'Bust' '310' 'original.ply'],8.093446242,1.4651551783535919,0.40941362101061907,1.9024624030783646,2.1543534095088304
['data' 'LabeledDB_new' 'Bust' '311' 'original.ply'],6.15666876,3.500766026091158,0.307342400824616,1.856492168636977,4.501665832399446
['data' 'LabeledDB_new' 'Bust' '312' 'original.ply'],5.794277139,3.4688108621085063,0.25328237812561955,1.6976915316922772,4.1911339451383665
['data' 'LabeledDB_new' 'Bust' '313' 'original.ply'],6.323545607,3.3359182596092842,0.2722947245325581,1.7528812834341854,2.8870234041804492
['data' 'LabeledDB_new' 'Bust' '314' 'original.ply'],4.646911956,3.2506658850882464,0.2796582754347009,1.7739542099301107,5.697824105300099
['data' 'LabeledDB_new' 'Bust' '315' 'original.ply'],5.384101783,1.8862527199329633,0.3427212676356695,1.725616995561922,2.3984613668018193
['data' 'LabeledDB_new' 'Bust' '316' 'original.ply'],5.799751692,2.569391866704489,0.3087001366737247,1.7636558219143947,2.5108411066951066
['data' 'LabeledDB_new' 'Bust' '317' 'original.ply'],5.638353577,1.7276952608753668,0.37170973661779344,1.8149197568136641,3.0878869288208577
['data' 'LabeledDB_new' 'Bust' '318' 'original.ply'],4.547592489,2.5479404537797605,0.25961692405284276,1.7767982135097682,3.829016901968535
['data' 'LabeledDB_new' 'Bust' '319' 'original.ply'],6.234701868,1.8419640663776875,0.429513570753784,1.946473665011971,4.388013922045338
['data' 'LabeledDB_new' 'Bust' '320' 'original.ply'],7.328716403,2.356704256255306,0.3047160603457498,1.7957608284250433,2.1351023854177256
['data' 'LabeledDB_new' 'Chair' '101' 'original.ply'],2.266272282,32.04293656414973,0.05618656174670286,1.9252015247781529,5.121611363985525
['data' 'LabeledDB_new' 'Chair' '102' 'original.ply'],3.929325511,28.317494107686485,0.05868974915133398,1.9804089563108938,3.2856156073247944
['data' 'LabeledDB_new' 'Chair' '103' 'original.ply'],2.613103712,20.703646240911983,0.07239430260748404,1.9275927506491204,3.0974424600154564
['data' 'LabeledDB_new' 'Chair' '104' 'original.ply'],2.385170902,42.03731535715636,0.06896590447244245,1.8970012551733324,4.434785663486974
['data' 'LabeledDB_new' 'Chair' '105' 'original.ply'],2.380560981,46.083088654199614,0.07166290392128506,1.8430485709739175,4.594849801690084
['data' 'LabeledDB_new' 'Chair' '106' 'original.ply'],3.343648056,34.10608259514825,0.06407160750991525,1.82434031757937,2.1749599363772885
['data' 'LabeledDB_new' 'Chair' '107' 'original.ply'],3.689781753,27.055881242852273,0.06054716208469975,1.9423364710201934,3.9516714690756936
['data' 'LabeledDB_new' 'Chair' '108' 'original.ply'],3.591025734,25.732780443311935,0.058498487280363685,1.9615943809046796,3.879711579463584
['data' 'LabeledDB_new' 'Chair' '109' 'original.ply'],1.937597376,19.609011185803535,0.05492442972592924,1.7694801491905388,2.4636938165011038
['data' 'LabeledDB_new' 'Chair' '110' 'original.ply'],2.114218203,33.63548088064648,0.06165020914569109,1.863781166345856,5.997181810688913
['data' 'LabeledDB_new' 'Chair' '111' 'original.ply'],2.093151541,31.079564104488632,0.06014651551721928,1.894145592397688,5.808871489167599
['data' 'LabeledDB_new' 'Chair' '112' 'original.ply'],2.739410661,24.848786845048803,0.07658645017807575,1.840996159264079,2.684357677972968
['data' 'LabeledDB_new' 'Chair' '113' 'original.ply'],2.317938387,33.635598639494454,0.051471672781766224,1.7124879071293364,3.827426400379975
['data' 'LabeledDB_new' 'Chair' '114' 'original.ply'],1.007649294,20.110709345057384,0.034952834908966036,1.6479341009384119,3.7982762529215557
['data' 'LabeledDB_new' 'Chair' '115' 'original.ply'],2.227529079,31.03167372966846,0.04793125648267047,1.7441625976440345,3.843184739472498
['data' 'LabeledDB_new' 'Chair' '116' 'original.ply'],3.609377712,31.445983528302367,0.06871331027880881,1.9057100518249124,3.5469268840626973
['data' 'LabeledDB_new' 'Chair' '117' 'original.ply'],3.451179108,70.59365591628833,0.04922148040922318,1.845529346494804,2.7337621414497346
['data' 'LabeledDB_new' 'Chair' '118' 'original.ply'],2.259433926,24.943630465232356,0.06350315237320572,1.9203032672998683,5.437108148279306
['data' 'LabeledDB_new' 'Chair' '119' 'original.ply'],2.989903271,31.101349238421705,0.06571859570525329,1.8856522295081477,2.239137798982341
['data' 'LabeledDB_new' 'Chair' '120' 'original.ply'],2.750282133,31.02627514930771,0.07832151283254221,1.836175393344709,5.069573782970591
['data' 'LabeledDB_new' 'Cup' '21' 'original.ply'],8.532710255,38.7594851604399,0.16837328008647687,1.7103743003748193,1.868098690978528
['data' 'LabeledDB_new' 'Cup' '22' 'original.ply'],11.40852886,22.269802969860617,0.24126783439107674,1.8914017607775886,1.7265963597046123
['data' 'LabeledDB_new' 'Cup' '23' 'original.ply'],8.328272924,25.1117354107786,0.17299801647370705,1.797506381686279,2.270047569924148
['data' 'LabeledDB_new' 'Cup' '24' 'original.ply'],11.53143552,14.476848247525451,0.2906095796025966,1.906886293629028,1.7521854246218016
['data' 'LabeledDB_new' 'Cup' '25' 'original.ply'],11.91953021,106.37305716101724,0.16443302497263507,1.981659057254465,2.2992048632603788
['data' 'LabeledDB_new' 'Cup' '26' 'original.ply'],10.73081163,85.66328709997264,0.14797122683733097,1.9181081842178858,2.528438040807553
['data' 'LabeledDB_new' 'Cup' '27' 'original.ply'],9.935083355,48.524502383484176,0.18623254004920026,1.8312246835955206,2.16995374859986
['data' 'LabeledDB_new' 'Cup' '28' 'original.ply'],8.754257895,38.90406088036765,0.16794629196156197,1.732562879260692,1.8160856541311283
['data' 'LabeledDB_new' 'Cup' '29' 'original.ply'],8.964377228,65.40300523957548,0.15628891555409682,1.8539836396234637,2.203072899794308
['data' 'LabeledDB_new' 'Cup' '30' 'original.ply'],4.257558864,26.836730765265322,0.09250720896644253,1.7059665400629382,3.7038129047712145
['data' 'LabeledDB_new' 'Cup' '31' 'original.ply'],10.69465008,13.271385084211476,0.2540717772061637,1.8902621631794094,1.887724667406256
['data' 'LabeledDB_new' 'Cup' '32' 'original.ply'],9.68218533,75.77441158083089,0.1553908408096296,1.8058373570281747,2.015476661093897
['data' 'LabeledDB_new' 'Cup' '33' 'original.ply'],10.44848657,23.421888818935006,0.2245542287616355,1.8190191313083812,1.3750871577117774
['data' 'LabeledDB_new' 'Cup' '34' 'original.ply'],11.14757432,16.137335319294493,0.2828986463107684,1.9225282363669456,1.6805600336650535
['data' 'LabeledDB_new' 'Cup' '35' 'original.ply'],6.277348326,17.01975630463322,0.2448352571948286,1.7870274908710135,3.4700565508687324
['data' 'LabeledDB_new' 'Cup' '36' 'original.ply'],8.935174312,88.47623131213565,0.08629972954133397,1.7408865146622685,1.6837502887146871
['data' 'LabeledDB_new' 'Cup' '37' 'original.ply'],12.47798728,32.96669896653387,0.23027118710374855,1.8456000030014899,1.2404188742328774
['data' 'LabeledDB_new' 'Cup' '38' 'original.ply'],11.15897331,35.72457072145069,0.2140598948672592,1.87531855287508,2.18511900479427
['data' 'LabeledDB_new' 'Cup' '39' 'original.ply'],11.65944235,0.0,inf,1.8749237114550876,1.6604012879719707
['data' 'LabeledDB_new' 'Cup' '40' 'original.ply'],11.28277655,81.05833916598189,0.20225668223006943,1.9958789069460159,3.147375816001485
['data' 'LabeledDB_new' 'Fish' '221' 'original.ply'],2.451626017,3.4328581771465405,0.17186827218260495,1.7993183506014365,12.539742098194873
['data' 'LabeledDB_new' 'Fish' '222' 'original.ply'],1.8406226,3.2743468343042545,0.19557333873207813,1.8356346130046604,15.32915776137775
['data' 'LabeledDB_new' 'Fish' '223' 'original.ply'],2.206151162,5.042142115772011,0.1187805772458041,1.8095882565773436,12.623432984807982
['data' 'LabeledDB_new' 'Fish' '224' 'original.ply'],1.771415213,4.052184036910293,0.18767893894563697,1.8418089200047705,21.027715557591634
['data' 'LabeledDB_new' 'Fish' '225' 'original.ply'],2.079230171,4.8605101147240735,0.13153518297506445,1.8204449498355324,11.010464240696715
['data' 'LabeledDB_new' 'Fish' '226' 'original.ply'],1.911427591,3.305797050517526,0.21505780088566315,1.9073631508126838,15.669438435172614
['data' 'LabeledDB_new' 'Fish' '227' 'original.ply'],1.911427591,3.305797050517526,0.21505780088566315,1.9073631508126838,15.669438435172614
['data' 'LabeledDB_new' 'Fish' '228' 'original.ply'],1.960690186,3.5251395369384824,0.18447152439270764,1.8151040743348141,15.653966328203111
['data' 'LabeledDB_new' 'Fish' '229' 'original.ply'],2.024837234,3.25720088465596,0.21043378932209833,1.8954841373875642,14.050468094929098
['data' 'LabeledDB_new' 'Fish' '230' 'original.ply'],2.630009973,3.4590485924529135,0.17770957942938587,1.8125102103777846,12.023916228361543
['data' 'LabeledDB_new' 'Fish' '231' 'original.ply'],2.08513765,3.89317929755127,0.1582993136226772,1.8140244127684597,13.822420150771688
['data' 'LabeledDB_new' 'Fish' '232' 'original.ply'],1.877396299,4.023449373255559,0.21015805759060344,1.8474184836907657,22.990872448523906
['data' 'LabeledDB_new' 'Fish' '233' 'original.ply'],3.04712807,4.105402135420142,0.14988081845812304,1.7104372242050998,5.128209919534385
['data' 'LabeledDB_new' 'Fish' '234' 'original.ply'],2.628779282,4.465662153562789,0.14227478264668741,1.8452713043561262,10.548342076567572
['data' 'LabeledDB_new' 'Fish' '235' 'original.ply'],1.845555633,4.0342890679686985,0.1610361659012963,1.8557558022706324,18.62461087864479
['data' 'LabeledDB_new' 'Fish' '236' 'original.ply'],1.643808371,4.767729659185226,0.13262910095592842,1.829733546321996,23.398505138691274
['data' 'LabeledDB_new' 'Fish' '237' 'original.ply'],1.489046454,4.488504816017183,0.16852222858088628,1.8331410469002294,30.70659137623104
['data' 'LabeledDB_new' 'Fish' '238' 'original.ply'],1.663834974,4.360445772979609,0.15739710443931176,1.8161566167572227,21.045078982147178
['data' 'LabeledDB_new' 'Fish' '239' 'original.ply'],1.86927536,3.724903818252322,0.22422019482389688,1.8761896950641164,26.01981569262222
['data' 'LabeledDB_new' 'Fish' '240' 'original.ply'],2.233843248,4.105583620735199,0.17114323746083757,1.7965109236923387,15.061584809605801
['data' 'LabeledDB_new' 'FourLeg' '381' 'original.ply'],2.834354357,3.4222988704013337,0.244658263236815,1.7298318142280458,8.664050326069326
['data' 'LabeledDB_new' 'FourLeg' '382' 'original.ply'],2.518692336,5.633551957141468,0.11304022260400032,1.9265488367343664,9.877124808484579
['data' 'LabeledDB_new' 'FourLeg' '383' 'original.ply'],3.588505881,4.470691122525302,0.30799888923482505,1.8591598100388915,10.820671871205255
['data' 'LabeledDB_new' 'FourLeg' '384' 'original.ply'],3.006333895,6.131215646742708,0.19718860000047814,1.995454015857797,14.482786900394625
['data' 'LabeledDB_new' 'FourLeg' '385' 'original.ply'],3.080083855,6.031892633265356,0.17428028490458378,1.8291919014472309,15.186643956527872
['data' 'LabeledDB_new' 'FourLeg' '386' 'original.ply'],3.304109106,5.6467131474365715,0.1061411230727904,1.9012869810344943,8.930033322891848
['data' 'LabeledDB_new' 'FourLeg' '387' 'original.ply'],2.732164498,6.240706968684876,0.1083097895615669,1.9590283812048805,17.07107282177146
['data' 'LabeledDB_new' 'FourLeg' '388' 'original.ply'],3.712778226,5.076278948145006,0.2351073540101462,1.885917911993354,9.72346176816141
['data' 'LabeledDB_new' 'FourLeg' '389' 'original.ply'],3.012498917,8.604408913450033,0.13578768537442779,1.9429246594843697,9.658528655368114
['data' 'LabeledDB_new' 'FourLeg' '390' 'original.ply'],1.54371874,12.044488342108586,0.05867729977251537,1.820129167343635,15.250666813755542
['data' 'LabeledDB_new' 'FourLeg' '391' 'original.ply'],3.077273067,5.143876761063981,0.25940282408722576,1.7906381159498317,30.236286173759474
['data' 'LabeledDB_new' 'FourLeg' '392' 'original.ply'],3.263267333,4.120672113043925,0.22934377041264536,1.8945734206108826,12.374704034212007
['data' 'LabeledDB_new' 'FourLeg' '393' 'original.ply'],2.526762996,7.522626914757495,0.1562980861061829,1.8801284963426268,44.85080775683362
['data' 'LabeledDB_new' 'FourLeg' '394' 'original.ply'],2.385797334,7.1054245506048455,0.15088814622843294,1.8397242457257703,12.717659004648182
['data' 'LabeledDB_new' 'FourLeg' '395' 'original.ply'],2.614422205,6.786076329112167,0.0708112404112579,1.8054342484023835,14.20995523769111
['data' 'LabeledDB_new' 'FourLeg' '396' 'original.ply'],2.785764738,6.742586863153514,0.17965471752575532,1.972889557203123,16.30251757220518
['data' 'LabeledDB_new' 'FourLeg' '397' 'original.ply'],2.698757418,6.197159205033216,0.1759372704746032,1.824613710620697,14.863080705499948
['data' 'LabeledDB_new' 'FourLeg' '398' 'original.ply'],1.539604356,6.4080614425158915,0.16672539819040338,1.4665438238521475,28.151238743296172
['data' 'LabeledDB_new' 'FourLeg' '399' 'original.ply'],2.797704126,6.3810290439968425,0.12507131193083243,1.9449947892537978,9.221859539795954
['data' 'LabeledDB_new' 'FourLeg' '400' 'original.ply'],2.36079031,7.33764096507757,0.13816027386995522,1.8652539138313766,17.743489490676
['data' 'LabeledDB_new' 'Glasses' '41' 'original.ply'],0.781510151,42.30878171350338,0.027520058810946674,1.4123988954294402,14.015165243561048
['data' 'LabeledDB_new' 'Glasses' '42' 'original.ply'],0.573384969,25.57057309851056,0.023229055165842623,1.4254587285534288,20.42239754083198
['data' 'LabeledDB_new' 'Glasses' '43' 'original.ply'],0.459976866,29.04187637543112,0.019230634777734647,1.3979824296042156,37.80727164315079
['data' 'LabeledDB_new' 'Glasses' '44' 'original.ply'],0.881705016,45.749240995645096,0.026595351804610652,1.3806372391532633,22.85352499295494
['data' 'LabeledDB_new' 'Glasses' '45' 'original.ply'],0.756253776,24.70968578917582,0.02852315728074171,1.3931130892148476,25.958096755597087
['data' 'LabeledDB_new' 'Glasses' '46' 'original.ply'],0.663461124,15.608051656288552,0.045271874086296585,1.8913761536236193,44.403563393104086
['data' 'LabeledDB_new' 'Glasses' '47' 'original.ply'],0.630483201,14.892469406758604,0.15858095761248373,1.9851230704542382,251.24449525370795
['data' 'LabeledDB_new' 'Glasses' '48' 'original.ply'],0.800924185,34.37352799543294,0.026831140820941523,1.5136334571512775,25.45434349345915
['data' 'LabeledDB_new' 'Glasses' '49' 'original.ply'],0.76975765,23.386550864237933,0.035161217597829905,1.6918023736323216,37.73666906166531
['data' 'LabeledDB_new' 'Glasses' '50' 'original.ply'],0.859205874,35.42928146274343,0.03297452948417136,1.4323441996464805,14.10783968081968
['data' 'LabeledDB_new' 'Glasses' '51' 'original.ply'],0.615490074,20.205126752435284,0.028420939210537413,1.5516443445164705,26.0750394080412
['data' 'LabeledDB_new' 'Glasses' '52' 'original.ply'],0.45519483,13.555577219895653,0.03816362248881468,1.8868819115125826,43.456492939705925
['data' 'LabeledDB_new' 'Glasses' '53' 'original.ply'],0.652653521,19.20358091312591,0.03437706099922191,1.8181520985791901,46.88358826259118
['data' 'LabeledDB_new' 'Glasses' '54' 'original.ply'],0.830055468,34.839923434516464,0.031786698489377416,1.432241521879476,14.15883690858811
['data' 'LabeledDB_new' 'Glasses' '55' 'original.ply'],0.58753451,19.904880729048696,0.028028880338939213,1.5176976246855731,26.83925177081088
['data' 'LabeledDB_new' 'Glasses' '56' 'original.ply'],1.438253336,51.60633052384369,0.03356678818562569,1.510582722311184,15.729469900349327
['data' 'LabeledDB_new' 'Glasses' '57' 'original.ply'],0.830415155,34.861010547403275,0.03182631055262106,1.431498208963234,14.12422163697067
['data' 'LabeledDB_new' 'Glasses' '58' 'original.ply'],0.546461585,17.137115132059005,0.08294445235297565,1.9435315491364489,127.18337858324652
['data' 'LabeledDB_new' 'Glasses' '59' 'original.ply'],0.794733638,16.51883095663681,0.04912014997591793,1.7643652856369467,33.449584445325954
['data' 'LabeledDB_new' 'Glasses' '60' 'original.ply'],0.650122666,15.095866596238416,0.04642844963871839,1.8602732014440462,44.20480419603041
['data' 'LabeledDB_new' 'Hand' '181' 'original.ply'],2.887004473,7.321349076149296,0.139543538931304,1.9442174391560447,21.846798864102293
['data' 'LabeledDB_new' 'Hand' '182' 'original.ply'],4.174788288,5.9438939019814425,0.19834337686354223,1.9863520794455705,10.194781814982175
['data' 'LabeledDB_new' 'Hand' '183' 'original.ply'],5.206758981,6.283431238052396,0.22518478443094944,1.8910766504134764,13.85073574485052
['data' 'LabeledDB_new' 'Hand' '184' 'original.ply'],3.375194259,7.63309401810819,0.18605667992653002,1.7975600706431654,12.175697144622408
['data' 'LabeledDB_new' 'Hand' '185' 'original.ply'],2.499121304,7.076897035845977,0.23400005760204803,1.6711487007037824,50.050639909574514
['data' 'LabeledDB_new' 'Hand' '186' 'original.ply'],3.135112358,5.712511850336644,0.18660149455152286,1.8410697072373117,15.358837017115382
['data' 'LabeledDB_new' 'Hand' '187' 'original.ply'],3.042686485,6.8156402064000225,0.15497832175124404,1.9515854909376935,20.71838364585271
['data' 'LabeledDB_new' 'Hand' '188' 'original.ply'],3.37286978,11.033990596199256,0.07193644215681003,1.8347543375769253,5.234073653909645
['data' 'LabeledDB_new' 'Hand' '189' 'original.ply'],3.366281667,11.636782423360481,0.0796498771230134,1.5952851838105861,2.08884496120125
['data' 'LabeledDB_new' 'Hand' '190' 'original.ply'],2.381574499,12.433703973751241,0.10216201217942719,1.652581775006605,15.449602355954516
['data' 'LabeledDB_new' 'Hand' '191' 'original.ply'],4.930784505,6.066581648013958,0.16223992979254476,1.948814338924612,4.402559037377952
['data' 'LabeledDB_new' 'Hand' '192' 'original.ply'],2.889525453,12.367842163250558,0.10640280838026732,1.8188275168189956,55.8317186135739
['data' 'LabeledDB_new' 'Hand' '193' 'original.ply'],2.373233707,11.715856440364394,0.13669250528818155,1.6446666132196102,6.334933932231289
['data' 'LabeledDB_new' 'Hand' '194' 'original.ply'],2.85210679,12.409227032633478,0.1393015079303409,1.778964562956532,11.320083674127343
['data' 'LabeledDB_new' 'Hand' '195' 'original.ply'],2.726053247,11.517125376814976,0.13748226571226976,1.7373832269048874,7.7479410336141825
['data' 'LabeledDB_new' 'Hand' '196' 'original.ply'],2.291847065,11.8818066328949,0.07667798282626383,1.600780570466343,6.537060714528239
['data' 'LabeledDB_new' 'Hand' '197' 'original.ply'],2.454054231,12.194890983672561,0.10754583495666033,1.6543432824462496,5.63267549082306
['data' 'LabeledDB_new' 'Hand' '198' 'original.ply'],2.429211724,6.162220034413755,0.19950916566056812,1.95791314459581,25.71417796376221
['data' 'LabeledDB_new' 'Hand' '199' 'original.ply'],3.769310305,5.47612690257389,0.2708188962996221,1.958679967467558,12.866194863795172
['data' 'LabeledDB_new' 'Hand' '200' 'original.ply'],2.578771222,6.584701036578134,0.10379718156673955,1.7551062554087367,23.848579287408164
['data' 'LabeledDB_new' 'Human' '1' 'original.ply'],1.768765922,13.94805373410608,0.15426463521182346,1.806941037439437,59.686155368606435
['data' 'LabeledDB_new' 'Human' '10' 'original.ply'],1.948067934,12.005490470192804,0.10585048265584268,1.9126620825544198,62.24126020562608
['data' 'LabeledDB_new' 'Human' '11' 'original.ply'],2.253485689,9.84305817764644,0.08254332995323908,1.8095300672889478,40.57964638380287
['data' 'LabeledDB_new' 'Human' '12' 'original.ply'],2.18889265,8.625703744809416,0.08512052782728854,1.8278535729621983,39.86645667471201
['data' 'LabeledDB_new' 'Human' '13' 'original.ply'],2.770697179,6.352793522888141,0.14562068656390761,1.9724538739294428,23.89856127167788
['data' 'LabeledDB_new' 'Human' '14' 'original.ply'],1.123705794,11.56125642913405,0.02590710081681527,1.389365246772986,3.821012373297478
['data' 'LabeledDB_new' 'Human' '15' 'original.ply'],1.851000776,11.824294334766698,0.10418200645632544,1.5719841193399542,10.299187768276955
['data' 'LabeledDB_new' 'Human' '16' 'original.ply'],2.363464696,9.475781603689175,0.08926099710548495,1.904071389241982,15.231849950401807
['data' 'LabeledDB_new' 'Human' '17' 'original.ply'],2.06391085,11.35193311199894,0.05520888494588656,1.868790701489149,15.903682975781471
['data' 'LabeledDB_new' 'Human' '18' 'original.ply'],3.193886544,0.0,inf,1.8970372479772186,9.053678543029559
['data' 'LabeledDB_new' 'Human' '19' 'original.ply'],2.169696661,10.901311178116872,0.0687187185824197,1.9652033468193215,51.228312290915966
['data' 'LabeledDB_new' 'Human' '2' 'original.ply'],2.187329408,8.833890310958358,0.1550041802956208,1.8947070010233957,36.88617862255491
['data' 'LabeledDB_new' 'Human' '20' 'original.ply'],2.11663179,12.273981196538566,0.07267177103905882,1.9290447125720787,59.594196140135864
['data' 'LabeledDB_new' 'Human' '3' 'original.ply'],1.333432441,10.8742541416624,0.07698952683705396,1.5229165236739353,15.018374644722828
['data' 'LabeledDB_new' 'Human' '4' 'original.ply'],1.286895737,10.942878179757734,0.06616043566405302,1.486874372026776,17.13456433116673
['data' 'LabeledDB_new' 'Human' '5' 'original.ply'],2.597019602,7.8754066782974705,0.09474728155551125,1.942922539730241,31.78150274807922
['data' 'LabeledDB_new' 'Human' '6' 'original.ply'],2.003357516,0.0,inf,1.7665651913294667,37.63569277683986
['data' 'LabeledDB_new' 'Human' '7' 'original.ply'],2.08997519,9.657041587144247,0.2529901708943549,1.8688228574275103,38.13392708187338
['data' 'LabeledDB_new' 'Human' '8' 'original.ply'],1.642231329,13.003460704622267,0.05871543782317953,1.837382902980295,29.42741953502721
['data' 'LabeledDB_new' 'Human' '9' 'original.ply'],1.587453434,12.323452965797898,0.06225858995150364,1.8334464037567553,29.31018017985131
['data' 'LabeledDB_new' 'Mech' '321' 'original.ply'],7.740219017,2.201701699134592,0.8072670136634811,1.8668903505361794,1.4515517361149646
['data' 'LabeledDB_new' 'Mech' '322' 'original.ply'],7.723416579,0.0,inf,1.8677466431910925,1.4557155858667195
['data' 'LabeledDB_new' 'Mech' '323' 'original.ply'],7.68315691,0.0,inf,1.8662287308563872,1.4590941184203237
['data' 'LabeledDB_new' 'Mech' '324' 'original.ply'],8.227800888,2.3101346114051204,0.5886970147619514,1.9644125211459165,1.8547875625201666
['data' 'LabeledDB_new' 'Mech' '325' 'original.ply'],7.83560605,2.413799618942882,0.5364853663232292,1.8966951072434888,1.5854504374997795
['data' 'LabeledDB_new' 'Mech' '326' 'original.ply'],8.123215875,2.0333459915751986,0.6439644030241047,1.935670320833993,2.153608068573771
['data' 'LabeledDB_new' 'Mech' '327' 'original.ply'],6.987353826,0.0,inf,1.9355010193658306,2.2971429700810435
['data' 'LabeledDB_new' 'Mech' '328' 'original.ply'],7.853879573,0.0,inf,1.890010406948163,1.4194010520217448
['data' 'LabeledDB_new' 'Mech' '329' 'original.ply'],7.826574495,2.1680695513497974,0.8104118857036581,1.8796602366681916,1.4340190039497867
['data' 'LabeledDB_new' 'Mech' '330' 'original.ply'],7.827753616,0.0,inf,1.8785026259144197,1.4350707265506533
['data' 'LabeledDB_new' 'Mech' '331' 'original.ply'],8.030235223,0.0,inf,1.921164989701978,1.7005979718901412
['data' 'LabeledDB_new' 'Mech' '332' 'original.ply'],7.476385723,0.0,inf,1.8922041614569471,1.7185630520748718
['data' 'LabeledDB_new' 'Mech' '333' 'original.ply'],7.880410781,0.0,inf,1.8987170917587748,1.708577633579583
['data' 'LabeledDB_new' 'Mech' '334' 'original.ply'],7.597412323,2.3975229797652973,0.7941501154254882,1.976464341122129,2.0895431825934003
['data' 'LabeledDB_new' 'Mech' '335' 'original.ply'],7.745419845,2.201701911229516,0.8072669198018481,1.8675173853944786,1.4515519124972942
['data' 'LabeledDB_new' 'Mech' '336' 'original.ply'],4.328248905,2.0111753262225336,0.5807064357277555,1.611490192360607,1.5353513038743674
['data' 'LabeledDB_new' 'Mech' '337' 'original.ply'],8.928292335,1.737255575392457,0.573517734707857,1.9525332914554752,2.412751336522729
['data' 'LabeledDB_new' 'Mech' '338' 'original.ply'],7.437458639,1.9298079049275179,0.6773723697394958,1.8512427676459775,1.4344697137549518
['data' 'LabeledDB_new' 'Mech' '339' 'original.ply'],8.027443695,3.084497968648607,0.7102522829547644,1.920831474831695,1.7005987848730766
['data' 'LabeledDB_new' 'Mech' '340' 'original.ply'],7.591705143,2.397521718370702,0.7941507924088542,1.9757219950769889,2.0895426153851684
['data' 'LabeledDB_new' 'Octopus' '121' 'original.ply'],2.268615013,10.597863609244794,0.06001117645126141,1.9851221387857036,6.721660563754188
['data' 'LabeledDB_new' 'Octopus' '122' 'original.ply'],2.425805134,13.066713580153044,0.052869633952330304,1.9429364186385896,6.923054723444791
['data' 'LabeledDB_new' 'Octopus' '123' 'original.ply'],3.180769984,7.239689608646212,0.10294071373651109,1.5411421475439762,1.6384749189662609
['data' 'LabeledDB_new' 'Octopus' '124' 'original.ply'],0.667413001,13.435578856550064,0.007491039630399101,1.8099680738411532,5.017112539279354
['data' 'LabeledDB_new' 'Octopus' '125' 'original.ply'],0.987151622,6.816281834651071,0.03990707838265629,1.1352416271273573,2.78914982181744
['data' 'LabeledDB_new' 'Octopus' '126' 'original.ply'],1.698588449,22.176647937315106,0.01683439996955891,1.8504154102718688,6.360682895037219
['data' 'LabeledDB_new' 'Octopus' '127' 'original.ply'],3.331254053,11.241671858123816,0.0684185489129259,1.8008823698914922,3.2824902047286946
['data' 'LabeledDB_new' 'Octopus' '128' 'original.ply'],1.643471558,14.596153479472667,0.037053463047713266,1.7786629345987641,9.344845494569942
['data' 'LabeledDB_new' 'Octopus' '129' 'original.ply'],2.049474261,6.467913409020231,0.04861852057938033,1.9667208678255905,6.838840677245777
['data' 'LabeledDB_new' 'Octopus' '130' 'original.ply'],2.134360551,7.0274767999936,0.05440716162374845,1.9547156599791726,5.308890368025475
['data' 'LabeledDB_new' 'Octopus' '131' 'original.ply'],2.949210285,9.371847630957221,0.06630532581780692,1.6749739840917621,3.6170160245558334
['data' 'LabeledDB_new' 'Octopus' '132' 'original.ply'],2.577691528,5.174506788361589,0.3005005407596891,1.9437858017557321,10.729913911739484
['data' 'LabeledDB_new' 'Octopus' '133' 'original.ply'],2.74745144,7.633168753774012,0.07695145299632443,1.7160245218955381,3.5711616355433993
['data' 'LabeledDB_new' 'Octopus' '134' 'original.ply'],3.111226591,13.265817383376412,0.06071933682266304,1.7610890800092682,2.1958800828556777
['data' 'LabeledDB_new' 'Octopus' '135' 'original.ply'],3.488005833,18.801457519962707,0.07078515793706137,1.558346261915026,1.4841366636092301
['data' 'LabeledDB_new' 'Octopus' '136' 'original.ply'],3.055725236,7.271652589446939,0.10255365057373729,1.770846151398934,2.654672233016552
['data' 'LabeledDB_new' 'Octopus' '137' 'original.ply'],1.651354316,7.5478949606202965,0.04865604753179289,1.6977793900570561,2.2129324199822493
['data' 'LabeledDB_new' 'Octopus' '138' 'original.ply'],2.518124847,5.608332520552451,0.08599047039881018,1.8692558926074772,3.3271498540727293
['data' 'LabeledDB_new' 'Octopus' '139' 'original.ply'],1.755091294,12.991805641821637,0.05151792431585649,1.747661732404497,12.185657732125213
['data' 'LabeledDB_new' 'Octopus' '140' 'original.ply'],2.434851401,10.550450515921765,0.05084071738963381,1.9490349136637615,5.933832975969421
['data' 'LabeledDB_new' 'Plier' '201' 'original.ply'],1.570811415,10.11659871056745,0.16130022007671468,1.84338310617609,65.69175060885436
['data' 'LabeledDB_new' 'Plier' '202' 'original.ply'],1.572963919,10.273002128868598,0.15971720947795517,1.858191777995027,63.1337776894739
['data' 'LabeledDB_new' 'Plier' '203' 'original.ply'],1.60465651,10.42020987819827,0.163874110023542,1.8696793127947413,58.50486673844009
['data' 'LabeledDB_new' 'Plier' '204' 'original.ply'],1.425555159,9.97056241406377,0.13696048986698092,1.8023154351892037,88.6814303266491
['data' 'LabeledDB_new' 'Plier' '205' 'original.ply'],1.747661481,10.467743129397519,0.1632818563179672,1.9587478616270448,67.70713010847884
['data' 'LabeledDB_new' 'Plier' '206' 'original.ply'],1.683102817,10.66201949287788,0.16848049834597376,1.9187800410160332,60.63732946748625
['data' 'LabeledDB_new' 'Plier' '207' 'original.ply'],1.73598764,10.802623581158405,0.16893563779724974,1.9578852587711308,57.28141311797953
['data' 'LabeledDB_new' 'Plier' '208' 'original.ply'],1.714321407,11.2886534384292,0.16170749713774268,1.9487437717249692,55.789768774410405
['data' 'LabeledDB_new' 'Plier' '209' 'original.ply'],1.650789987,11.205141728433928,0.15623479600276274,1.9086100967273132,68.03124578710079
['data' 'LabeledDB_new' 'Plier' '210' 'original.ply'],1.611759832,10.663159307111947,0.14973472246163985,1.8668888535012642,67.43317099603988
['data' 'LabeledDB_new' 'Plier' '211' 'original.ply'],1.509790654,10.468075467064882,0.14599426157577539,1.8269537344307432,80.98161531575113
['data' 'LabeledDB_new' 'Plier' '212' 'original.ply'],1.408568248,9.172086455730422,0.13276939658907347,1.8717777797303146,88.99529158338423
['data' 'LabeledDB_new' 'Plier' '213' 'original.ply'],1.456923149,10.196729976769545,0.1595698893718058,1.9724871206125707,98.57175702213992
['data' 'LabeledDB_new' 'Plier' '214' 'original.ply'],1.508754803,10.077977707434577,0.15516296939913315,1.9421134933347521,87.51951490191658
['data' 'LabeledDB_new' 'Plier' '215' 'original.ply'],1.612979744,10.255927906102253,0.1594017655681243,1.9203866299698527,78.87114827379023
['data' 'LabeledDB_new' 'Plier' '216' 'original.ply'],1.634793662,10.32851693790212,0.15948237556465775,1.9006026067952333,75.57042809494848
['data' 'LabeledDB_new' 'Plier' '217' 'original.ply'],1.755210054,10.99695287036459,0.18347775188204865,1.972301073058547,62.72445084782664
['data' 'LabeledDB_new' 'Plier' '218' 'original.ply'],1.71496161,11.412902509495671,0.19161361830430812,1.9596778946983475,55.144810666561334
['data' 'LabeledDB_new' 'Plier' '219' 'original.ply'],1.293820976,12.89661306612883,0.11430226213988831,1.8178687372925173,82.50247498918101
['data' 'LabeledDB_new' 'Plier' '220' 'original.ply'],1.390806001,13.06944222835824,0.128674137688129,1.8687470435377533,87.27467327669166
['data' 'LabeledDB_new' 'Table' '141' 'original.ply'],4.778573724,48.05509596394875,0.08996776613530874,1.9850501715075475,5.586459903158193
['data' 'LabeledDB_new' 'Table' '142' 'original.ply'],3.781344525,65.5218791829332,0.13757783165529222,1.9850895013734773,67.92769819290818
['data' 'LabeledDB_new' 'Table' '143' 'original.ply'],3.562423911,62.0372903311836,0.1296601280355434,1.9840088256397697,104.10751976072434
['data' 'LabeledDB_new' 'Table' '144' 'original.ply'],5.77945462,65.90682071121684,0.11223476230047229,1.990812039144548,42.69574808413197
['data' 'LabeledDB_new' 'Table' '145' 'original.ply'],3.224097105,41.53816645922355,0.05348179164157482,1.559626593751895,1.7353225426181285
['data' 'LabeledDB_new' 'Table' '146' 'original.ply'],5.030162091,24.287304762664284,0.1063892606065619,1.6791819474989709,1.9244855149470075
['data' 'LabeledDB_new' 'Table' '147' 'original.ply'],5.198517309,20.770242593507277,0.1272211720900474,1.753699199892621,7.582731688048737
['data' 'LabeledDB_new' 'Table' '148' 'original.ply'],7.638994415,37.03793870830402,0.1401474890198118,1.9900949024824128,13.085915659287071
['data' 'LabeledDB_new' 'Table' '149' 'original.ply'],7.075222597,32.67298374180539,0.13412483322503732,1.9880399843146697,21.375672067580545
['data' 'LabeledDB_new' 'Table' '150' 'original.ply'],2.045434505,37.305878845336444,0.0455828925145724,1.3967340035241553,2.1333006182433354
['data' 'LabeledDB_new' 'Table' '151' 'original.ply'],4.69573644,38.49011992044635,0.14437866438585592,1.8840213344921592,8.4614372653745
['data' 'LabeledDB_new' 'Table' '152' 'original.ply'],2.788729083,25.866048510990257,0.11436813120063909,1.7893731300740041,11.339178541636418
['data' 'LabeledDB_new' 'Table' '153' 'original.ply'],4.498302522,48.93736009657592,0.11901470048968019,1.9741169804647531,14.968144314002693
['data' 'LabeledDB_new' 'Table' '154' 'original.ply'],4.926968916,28.51282048118238,0.08350368483784446,1.9023420552480301,8.001346651051463
['data' 'LabeledDB_new' 'Table' '155' 'original.ply'],5.767576296,44.76972249366969,0.07747139997415667,1.9184423718270542,4.199746625755843
['data' 'LabeledDB_new' 'Table' '156' 'original.ply'],2.843290607,51.47639501249447,0.03877974524291863,1.770957368734012,13.349609215876598
['data' 'LabeledDB_new' 'Table' '157' 'original.ply'],7.223223936,26.556400061422625,0.11956405066469117,1.9803148845071832,8.759156693727027
['data' 'LabeledDB_new' 'Table' '158' 'original.ply'],2.844287243,45.7781529480352,0.03914309770998549,1.6013227479941754,2.130899596056092
['data' 'LabeledDB_new' 'Table' '159' 'original.ply'],4.801914119,58.12648767861815,0.09934850860337403,1.9909826934277566,8.59819711009152
['data' 'LabeledDB_new' 'Table' '160' 'original.ply'],2.541096583,73.87451817313894,0.05699852706074982,1.7323378325409502,11.518642924440051
['data' 'LabeledDB_new' 'Teddy' '161' 'original.ply'],4.462291631,3.4147339139200694,0.32405358654508826,1.8429674002960097,7.459415019775022
['data' 'LabeledDB_new' 'Teddy' '162' 'original.ply'],3.924090797,3.090791045330075,0.22994292523273452,1.9112650558520743,7.051408239667812
['data' 'LabeledDB_new' 'Teddy' '163' 'original.ply'],4.208823134,3.307849544182262,0.23578343933061643,1.9525853876927268,8.578044768300494
['data' 'LabeledDB_new' 'Teddy' '164' 'original.ply'],4.523528763,3.283769176145839,0.28812678752368526,1.8874533260256081,6.715189758121223
['data' 'LabeledDB_new' 'Teddy' '165' 'original.ply'],4.114574575,3.1893109952838476,0.29638982068848874,1.9553901279620374,8.364850877422663
['data' 'LabeledDB_new' 'Teddy' '166' 'original.ply'],4.153463183,3.4201744069848794,0.2073255608744666,1.9104977969228234,6.473572860958121
['data' 'LabeledDB_new' 'Teddy' '167' 'original.ply'],4.150573538,3.4619929309301836,0.2198801287623135,1.8398081139358573,4.687831663682744
['data' 'LabeledDB_new' 'Teddy' '168' 'original.ply'],4.104174021,3.1970852195818966,0.3008742894861705,1.9361946537099923,7.859322286189587
['data' 'LabeledDB_new' 'Teddy' '169' 'original.ply'],4.540333511,3.8364251073835,0.27558800658265226,1.9283994076815956,10.302211331882276
['data' 'LabeledDB_new' 'Teddy' '170' 'original.ply'],4.175813708,3.799098690224206,0.2782673308313962,1.8583762117414437,8.875977957079048
['data' 'LabeledDB_new' 'Teddy' '171' 'original.ply'],4.039153829,3.8375805862537407,0.23151094389773857,1.9599669856097632,4.563222496889571
['data' 'LabeledDB_new' 'Teddy' '172' 'original.ply'],4.201928458,3.0335993178113303,0.2447185572136752,1.947989558515389,6.762025767361412
['data' 'LabeledDB_new' 'Teddy' '173' 'original.ply'],3.913068451,3.5177309680619255,0.2975456393422307,1.823057337241622,4.395031098039093
['data' 'LabeledDB_new' 'Teddy' '174' 'original.ply'],3.366650646,3.659296196079265,0.18110911652033118,1.896479966985023,6.850017998563879
['data' 'LabeledDB_new' 'Teddy' '175' 'original.ply'],3.952234044,3.3467027411599184,0.21618607257677908,1.9852038870341322,7.7898460057128425
['data' 'LabeledDB_new' 'Teddy' '176' 'original.ply'],4.35325357,3.8100653055022127,0.20127275076016793,1.8183066652198876,4.388968506885759
['data' 'LabeledDB_new' 'Teddy' '177' 'original.ply'],4.085609772,3.6529914300679462,0.21881837655791975,1.806228560277119,4.796341402632725
['data' 'LabeledDB_new' 'Teddy' '178' 'original.ply'],3.829840157,3.3108199893830843,0.237942018619377,1.8660723080456671,5.9537988990385475
['data' 'LabeledDB_new' 'Teddy' '179' 'original.ply'],4.245068542,3.5102697930289737,0.21711534520551237,1.822265788307621,6.123803057588576
['data' 'LabeledDB_new' 'Teddy' '180' 'original.ply'],3.603679042,3.3652089679985915,0.27982746859366825,1.9091185402600412,11.466535034164627
['data' 'LabeledDB_new' 'Vase' '361' 'original.ply'],5.333138259,5.415833450726062,0.2429654861925449,1.944955485777393,3.365516636159605
['data' 'LabeledDB_new' 'Vase' '362' 'original.ply'],3.57600321,4.828923872662992,0.32521708722964165,1.7399313794112392,7.076539027362707
['data' 'LabeledDB_new' 'Vase' '363' 'original.ply'],2.159053686,2.130673707947439,0.3431664204622213,1.653043472846464,10.042552675048762
['data' 'LabeledDB_new' 'Vase' '364' 'original.ply'],4.416167769,5.7224742150816255,0.16569861119702856,1.656122413174574,3.9441844375327313
['data' 'LabeledDB_new' 'Vase' '365' 'original.ply'],7.69639014,1.6129164862607837,0.4074542536626315,1.7552261413655716,1.9846947137503943
['data' 'LabeledDB_new' 'Vase' '366' 'original.ply'],4.422464755,2.3023189621457054,0.3627420807357719,1.8711052412079077,5.162260842199648
['data' 'LabeledDB_new' 'Vase' '367' 'original.ply'],4.438505552,1.6351740908867032,0.3328671601730604,1.859854029137357,2.4821895342399642
['data' 'LabeledDB_new' 'Vase' '368' 'original.ply'],4.548263696,1.5127167231758687,0.4195157863069768,1.7107382288534936,1.8029651496314962
['data' 'LabeledDB_new' 'Vase' '369' 'original.ply'],5.650737263,1.9007654180560016,0.3995628362897033,1.8915347738384145,3.2106576470968666
['data' 'LabeledDB_new' 'Vase' '370' 'original.ply'],4.920441443,1.5304811066132396,0.367095618184003,1.8514987653050143,2.83998884448009
['data' 'LabeledDB_new' 'Vase' '371' 'original.ply'],5.11679041,1.5158319492641665,0.39545297937215745,1.794899371180698,3.1069163405836218
['data' 'LabeledDB_new' 'Vase' '372' 'original.ply'],3.171744705,2.0043019529161588,0.28154386403549364,1.5796377196968971,2.665948460812858
['data' 'LabeledDB_new' 'Vase' '373' 'original.ply'],3.93451775,2.2898233500298035,0.3944585033510696,1.8972875276453376,5.884644488558109
['data' 'LabeledDB_new' 'Vase' '374' 'original.ply'],3.686579857,3.0611286973525114,0.42964746560201006,1.9536210107614393,9.95328000263529
['data' 'LabeledDB_new' 'Vase' '375' 'original.ply'],3.195984635,2.7162590029238776,0.22703569224821427,1.8885259185360244,5.354337301722346
['data' 'LabeledDB_new' 'Vase' '376' 'original.ply'],6.12440877,2.6882980751707803,0.3538411313819543,1.9920846975994992,4.976194059823529
['data' 'LabeledDB_new' 'Vase' '377' 'original.ply'],3.343651719,2.320380946583808,0.3317184779621255,1.677718022355174,6.42385438747462
['data' 'LabeledDB_new' 'Vase' '378' 'original.ply'],3.178567192,2.21960251369003,0.27529837110667144,1.578089542020043,2.6497117156269994
['data' 'LabeledDB_new' 'Vase' '379' 'original.ply'],4.321566459,1.5955440937890701,0.3316578866667823,1.8474993656257792,2.2767341124272216
['data' 'LabeledDB_new' 'Vase' '380' 'original.ply'],4.929283316,5.854782712525614,0.2721287238130289,1.620521705365203,3.5127385307089822
