path,surface_area,compactness,sphericity,rectangularity,convexity,diameter,eccentricity,major_eccentricity,minor_eccentricity
['data' 'LabeledDB_new' 'Airplane' '61' 'normalized_v2.ply'],-0.8115702342584129,-0.1506337242526276,-0.5612690259412207,-0.6745509552140058,-0.42633466084052135,-0.779254063260584,0.3928365279714427,-0.20664021615851205,0.2587656991104939
['data' 'LabeledDB_new' 'Airplane' '62' 'normalized_v2.ply'],-0.7568384813951154,-0.4042590157833098,-0.19803211241307972,-0.6391493968252869,-0.37976559788055014,-0.7713650132804257,0.21399569229257967,-0.11122030471597542,-0.010791355821661828
['data' 'LabeledDB_new' 'Airplane' '63' 'normalized_v2.ply'],-0.7566680140454237,-0.34780223645599584,-0.3130240264955259,-0.6812699220143285,-0.4339257901615017,-0.7834181674651997,0.16346622224253582,-0.498632081919016,1.1127860453220126
['data' 'LabeledDB_new' 'Airplane' '64' 'normalized_v2.ply'],-0.6125319006525506,-0.2059309632431947,-0.5078687168793105,-0.6884278107461379,-0.5104192616377071,-0.6812043541674113,0.5732379792749004,-0.35125400979986043,0.8412372314135578
['data' 'LabeledDB_new' 'Airplane' '65' 'normalized_v2.ply'],-0.6624084509713764,-0.0813237313861975,-0.6168309930682377,-0.8003252457252324,-0.6798668935222867,-0.7831893894067709,0.725682695000472,-0.4587071267911912,1.747876976165632
['data' 'LabeledDB_new' 'Airplane' '66' 'normalized_v2.ply'],-0.5245437664279791,0.5122093665367033,-0.8549747896149628,-0.7179487736769752,-0.49501658186561026,-0.6722311055972675,1.7668784634398522,-0.5095312861712523,4.530197354377116
['data' 'LabeledDB_new' 'Airplane' '67' 'normalized_v2.ply'],-0.48029480725354473,-0.09510911571543325,-0.606632571509942,-0.7192016938925855,-0.4809032165317075,-0.5268243120945753,0.6510299555109424,-0.4347843919362083,1.4226255084805066
['data' 'LabeledDB_new' 'Airplane' '68' 'normalized_v2.ply'],-0.565886549996901,0.057191314416405896,-0.7014071636107719,-0.8698324678923779,-0.6870703808705197,1.1658652555524447,0.6402745801135145,-0.5529732697096872,3.0178229946689163
['data' 'LabeledDB_new' 'Airplane' '69' 'normalized_v2.ply'],-0.6646635266428064,-0.028435805440262606,-0.6526401762285985,-0.6082688516040308,-0.5098446038165478,-0.7821905071530503,0.6885030048741767,-0.5391354079199915,2.827871698886701
['data' 'LabeledDB_new' 'Airplane' '70' 'normalized_v2.ply'],-0.7896802374026635,0.3912058362407458,-0.8254466593591513,-0.8536618391485156,-0.8464599347829467,-0.7541737034692997,2.6306495787266626,-0.2702853192394158,2.473700470020886
['data' 'LabeledDB_new' 'Airplane' '71' 'normalized_v2.ply'],-0.7425758279905146,-0.11708389833694444,-0.5895424525663686,-0.7928512462499269,-0.6301245805292586,-0.7834632286472102,0.41832310595736066,-0.5245412425971624,1.9393751243061352
['data' 'LabeledDB_new' 'Airplane' '72' 'normalized_v2.ply'],-0.8176537284917285,0.013033022947983473,-0.6775175755140065,-0.8249094341234123,-0.7249079355028344,-0.7827431595324524,0.9284191760005968,-0.5256901348793477,3.1070705131786984
['data' 'LabeledDB_new' 'Airplane' '73' 'normalized_v2.ply'],-0.8250932855077501,-0.05232724663523265,-0.6370789922903243,-0.8803805636507405,-0.7507628256146268,-0.7672469039610125,0.7616317778568092,-0.5478219089156389,3.2094502095016333
['data' 'LabeledDB_new' 'Airplane' '74' 'normalized_v2.ply'],-0.8272988522704733,-0.21202452651793885,-0.5013848974842551,-0.7650346750363134,-0.4549493010975044,-0.7833297272920866,0.7019074440643017,-0.47858652842201205,1.91725748514965
['data' 'LabeledDB_new' 'Airplane' '75' 'normalized_v2.ply'],-0.392090152097059,0.09859367303757051,-0.7217077085531447,-0.547482478034726,-0.31954336416154605,-0.6246971663109427,0.6832758588500747,-0.5399872310542123,2.8331039580810113
['data' 'LabeledDB_new' 'Airplane' '76' 'normalized_v2.ply'],-0.7001248237582496,-0.31856657761698853,-0.36228920310559987,-0.7456788954258295,-0.4646429706486642,-0.6742385114718559,0.7962475283208617,-0.07075869365309741,0.3185787450295828
['data' 'LabeledDB_new' 'Airplane' '77' 'normalized_v2.ply'],-0.6427960149072884,-0.09455555376783337,-0.6070496195978645,-0.8486159129597832,-0.6643770475921041,-0.6087799092547025,0.7711596033381893,-0.42692191892201803,1.5382900779398954
['data' 'LabeledDB_new' 'Airplane' '78' 'normalized_v2.ply'],-0.5890817502197168,0.1342243365164724,-0.7377602033553516,-0.9191779756623897,-0.8578014650181334,-0.5266875671339143,0.9337166218021327,-0.40482120033341934,1.5950875377739917
['data' 'LabeledDB_new' 'Airplane' '79' 'normalized_v2.ply'],-0.611866312444922,0.18172439896045833,-0.7573750110432238,-0.9101421219020338,-0.8371410357585211,-0.37276769264278964,0.2243853249541287,-0.5458177365802863,1.7946885388557736
['data' 'LabeledDB_new' 'Airplane' '80' 'normalized_v2.ply'],-0.5706853749171014,0.19054505879940883,-0.7608133913791257,-0.863538714306337,-0.7675639420263103,-0.6398292445047686,0.33862476212289777,-0.5394038185067266,1.9785301299053764
['data' 'LabeledDB_new' 'Ant' '100' 'normalized_v2.ply'],-0.44792342413497854,0.005874387011304838,-0.6734026021613353,-0.7673754639199853,-0.9128587203554759,-0.664413407321247,-0.48890257569935247,-0.08824073220077644,-0.4954366456737411
['data' 'LabeledDB_new' 'Ant' '81' 'normalized_v2.ply'],-0.6266272678567476,-0.22147037629287314,-0.49107087869688937,-0.7924269535510572,-0.858294814156085,-0.6722314320095961,-0.35154518195034906,0.39203466871729975,-0.5173102027053994
['data' 'LabeledDB_new' 'Ant' '82' 'normalized_v2.ply'],-0.40555420524610786,-0.2393701328811487,-0.4705971869113794,-0.7246216483748888,-0.8911448852854058,-0.48585069506167344,-0.42070030128004665,0.018967992332865242,-0.48189018114145765
['data' 'LabeledDB_new' 'Ant' '83' 'normalized_v2.ply'],-0.6374061136482394,-0.2586679916412185,-0.44704805839116285,-0.7111491025656331,-0.737050148896997,-0.6925726227389883,-0.1244111692948992,0.037247448918662,-0.3250535996460243
['data' 'LabeledDB_new' 'Ant' '84' 'normalized_v2.ply'],-0.5273250784311897,-0.12923433702759315,-0.5796225249169067,-0.8590550252360653,-0.9949700208881143,-0.27948464677579976,-0.45366778857920326,0.27328649093529495,-0.5420422591961741
['data' 'LabeledDB_new' 'Ant' '85' 'normalized_v2.ply'],-0.42415176232458995,-0.1729197597270459,-0.5408542735274098,-0.6093369951071983,-0.5788475762952615,-0.009040197972469502,0.20812002568305965,-0.1217138101347867,-0.0031585742801686786
['data' 'LabeledDB_new' 'Ant' '86' 'normalized_v2.ply'],-0.5563458418883025,-0.3183556799187606,-0.3626235096650536,-0.4725262208866219,-0.561106061729201,-0.611821030566639,-0.34983813811541237,0.40693584388430154,-0.5186144256874033
['data' 'LabeledDB_new' 'Ant' '87' 'normalized_v2.ply'],-0.477873453005366,-0.32059196002104207,-0.35906412146775774,-0.8544076023257823,-0.9297107571358131,-0.28231199655981487,-0.2862220411558877,0.042669769335107036,-0.41491169741064193
['data' 'LabeledDB_new' 'Ant' '88' 'normalized_v2.ply'],-0.3810962853516874,-0.21400969097635644,-0.4992441927989106,-0.9115586137232262,-0.9732543757876638,-0.40324564401650276,-0.42089077412348,-0.24153927127939978,-0.38138135417777264
['data' 'LabeledDB_new' 'Ant' '89' 'normalized_v2.ply'],-0.49434190745624773,-0.0010817399394157158,-0.6693346797219651,-0.6537766049863968,-0.7873637614159082,-0.6268844696109395,-0.15448716234725893,-0.16865945937397028,-0.2187018819062982
['data' 'LabeledDB_new' 'Ant' '90' 'normalized_v2.ply'],-0.4217772237687273,-0.19617424193408017,-0.517984315962574,-0.7419448700469506,-0.862956036354429,-0.5186496055566685,-0.4468251562923241,-0.1361765072553291,-0.4516019665110212
['data' 'LabeledDB_new' 'Ant' '91' 'normalized_v2.ply'],-0.3279180099208318,-0.24904665724430394,-0.4589897516560715,-0.7353809473627646,-0.8903971609204271,-0.3907832075892327,-0.4369539517204727,0.005950190970544417,-0.4878467361157927
['data' 'LabeledDB_new' 'Ant' '92' 'normalized_v2.ply'],-0.6990861492066256,-0.2967883287422623,-0.3953739717576354,-0.6673000462255007,-0.6495264868750946,-0.6196235313539991,-0.08778303594905926,0.6251364180630188,-0.46238942943651323
['data' 'LabeledDB_new' 'Ant' '93' 'normalized_v2.ply'],-0.4387339702815199,-0.31450562715001695,-0.3686769232283657,-0.6844759325602745,-0.7049905691170404,-0.5498021067855511,-0.26770100654315415,-0.13821078092035283,-0.32317002149340235
['data' 'LabeledDB_new' 'Ant' '94' 'normalized_v2.ply'],-0.5978992954691286,0.036123318975929505,-0.6903186748237038,-0.9007562296669485,-0.8901583022653274,-0.7816212507420195,0.13377712290611835,-0.4302910061412066,0.6272364242484201
['data' 'LabeledDB_new' 'Ant' '95' 'normalized_v2.ply'],-0.5527077032447284,-0.30801977363620686,-0.3786666179417843,-0.5876630497314922,-0.5405332853432121,-0.5170054280414272,0.19098371921461785,-0.05978410692776992,-0.07705243542509302
['data' 'LabeledDB_new' 'Ant' '96' 'normalized_v2.ply'],-0.47117896603354814,0.01332876358716742,-0.6776860448678874,-0.6119714117011202,-0.61707745995408,-0.27271508949526413,0.24061498915369733,-0.4044193383990851,0.6599129375255263
['data' 'LabeledDB_new' 'Ant' '97' 'normalized_v2.ply'],-0.461961936732586,-0.006789443625505188,-0.6659445198369542,-0.43682333035830373,-0.5892444419898673,-0.21033477691966906,0.1418299434941758,-0.2720106074472502,0.16347142319255126
['data' 'LabeledDB_new' 'Ant' '98' 'normalized_v2.ply'],-0.6606919457706941,-0.3503046883546224,-0.30851901617183203,-0.6367987643183194,-0.6385191131828257,-0.7133743739713404,-0.17459429373610108,0.582126389332998,-0.48299422979341416
['data' 'LabeledDB_new' 'Ant' '99' 'normalized_v2.ply'],-0.5828720991290403,0.019216701097269664,-0.6810152550216065,-0.9191936409537322,-1.013138159331221,-0.5872482425668601,-0.2989775184174113,-0.18906727225491013,-0.3143527510433711
['data' 'LabeledDB_new' 'Armadillo' '281' 'normalized_v2.ply'],-0.07309648208962419,-0.3733266531764654,-0.26467794602920997,-0.5777260327110656,-0.39316582295507796,-0.1651569078662542,-0.5812511424692202,-0.5048860699740648,-0.33705273128727803
['data' 'LabeledDB_new' 'Armadillo' '282' 'normalized_v2.ply'],-0.06412404089810143,-0.36312296591758336,-0.28466038219136797,-0.27958500713972934,-0.2723415509515911,0.2618060366533434,-0.5136173332696797,-0.37402585909392505,-0.38262541750445406
['data' 'LabeledDB_new' 'Armadillo' '283' 'normalized_v2.ply'],-0.5876924183237818,-0.306225093717592,-0.381385830741292,-0.4772074138269847,-0.30311896203068084,-0.46042774904791794,-0.1630505073449365,0.14765414160245174,-0.3868581925985934
['data' 'LabeledDB_new' 'Armadillo' '284' 'normalized_v2.ply'],0.08822178814682989,-0.37991190861303875,-0.2512838531151475,-0.5230811648460287,-0.33844635453927957,-0.5864307857034421,-0.6301513590407527,-0.4623977299780259,-0.47535897085712125
['data' 'LabeledDB_new' 'Armadillo' '285' 'normalized_v2.ply'],0.29116096199623187,-0.3558342561675014,-0.2983902794148074,-0.21844758125687724,-0.3796927432703318,0.0522298558553711,-0.554216621842136,-0.3265360806492701,-0.4609267694375708
['data' 'LabeledDB_new' 'Armadillo' '286' 'normalized_v2.ply'],0.998803832345877,-0.30362701157680927,-0.38528849377016416,-0.3680518490160192,-0.401038721425849,1.2018459885354607,-0.653312789407436,-0.4753132924379843,-0.5056916862695879
['data' 'LabeledDB_new' 'Armadillo' '287' 'normalized_v2.ply'],0.3643811690741317,-0.31962083977147415,-0.3606137595729162,-0.3859135106417863,-0.44367715087763454,0.7103612223151714,-0.6016616569753727,-0.41551619796535044,-0.4656521792337165
['data' 'LabeledDB_new' 'Armadillo' '288' 'normalized_v2.ply'],0.7555416737680671,-0.3468738751710422,-0.3146830453411118,-0.509244400285946,-0.45908235122587965,1.2022035020449977,-0.6602068309255433,-0.46603153708176653,-0.5233940224955224
['data' 'LabeledDB_new' 'Armadillo' '289' 'normalized_v2.ply'],0.07250830198964818,-0.31964847358529763,-0.3605697477011983,-0.7168057800173353,-0.7210046460271442,0.3727484458196146,-0.6336945849814755,-0.5275899102236495,-0.4151306950338276
['data' 'LabeledDB_new' 'Armadillo' '290' 'normalized_v2.ply'],-0.4179502049248198,-0.24257413270383069,-0.46679731234847344,-0.7822724875958933,-0.7345508146810338,-0.09373657719116817,-0.5622878818998207,-0.384935114611144,-0.4345985486163392
['data' 'LabeledDB_new' 'Armadillo' '291' 'normalized_v2.ply'],-0.09796937115240972,-0.3860481359941447,-0.23843277026852358,-0.016974235939122086,0.17587498768390936,-0.7522211169601593,-0.5179507002291541,-0.07441358184711275,-0.5176754732811713
['data' 'LabeledDB_new' 'Armadillo' '292' 'normalized_v2.ply'],0.09761829226307245,-0.41659606737304433,-0.16856300041632089,-0.4604099300318288,-0.354523822240447,0.28951067606624764,-0.5689929239018133,-0.5178250644774796,-0.2881281829108124
['data' 'LabeledDB_new' 'Armadillo' '293' 'normalized_v2.ply'],-0.17637981982026443,-0.4212028036833223,-0.15708537129105046,-0.30672224860179736,-0.23581102346221142,0.005061851321251825,-0.5123383659142546,-0.3759947102973824,-0.37938720447436647
['data' 'LabeledDB_new' 'Armadillo' '294' 'normalized_v2.ply'],-0.6524074942379245,-0.36808657863027133,-0.27505388598805597,-0.37561512326429514,-0.24246727597696804,-0.5286224710738456,-0.0989197035523154,0.49834816771894663,-0.44521007471774576
['data' 'LabeledDB_new' 'Armadillo' '295' 'normalized_v2.ply'],-0.15278971739911895,-0.4963399064397215,0.07698996759857694,-0.4973270542714959,-0.1498516355924913,-0.5817534257069649,-0.5480238284063061,-0.36181345721230634,-0.4330594290045523
['data' 'LabeledDB_new' 'Armadillo' '296' 'normalized_v2.ply'],0.14746717820060995,-0.4541838593318124,-0.06634921472898787,0.04170714419435944,-0.05319070358010372,0.3557769780938803,-0.4362944062987634,-0.27646619120444793,-0.3731086492927049
['data' 'LabeledDB_new' 'Armadillo' '297' 'normalized_v2.ply'],0.2643837014973511,-0.43214109998378,-0.12872571769807414,-0.33635089666043877,-0.143434408029046,-0.4231550039600386,-0.6372618048602453,-0.411366927195529,-0.517427168461875
['data' 'LabeledDB_new' 'Armadillo' '298' 'normalized_v2.ply'],0.25022256262023623,-0.3886299580130622,-0.23291506411427468,-0.4109995507456536,-0.4342223385043791,0.6400174875011884,-0.6093270621801672,-0.43891074207781505,-0.460113143014404
['data' 'LabeledDB_new' 'Armadillo' '299' 'normalized_v2.ply'],0.7104668106001968,-0.40391418603440404,-0.19883037503770165,-0.4457488849276344,-0.42644728375157964,1.5657084838305113,-0.6566810275230216,-0.46896327745490474,-0.5156433193595858
['data' 'LabeledDB_new' 'Armadillo' '300' 'normalized_v2.ply'],0.0046097509938452606,-0.3815937425138874,-0.2477978080907815,-0.7867991224202755,-0.708001193607898,0.43982104403769273,-0.6413760133772984,-0.543303094643805,-0.41042088592582304
['data' 'LabeledDB_new' 'Bearing' '341' 'normalized_v2.ply'],-0.5140749593263874,-0.6040252068649071,0.7034053661341162,1.158471380917861,1.478517036185185,-0.5884071121645084,-0.08665132705951781,1.6484331258661904,-0.5485018853874294
['data' 'LabeledDB_new' 'Bearing' '342' 'normalized_v2.ply'],-0.5140703365304261,-0.6040248660383758,0.7034023707379888,1.1578724031947847,1.4797169094619427,-0.5891916084531125,-0.08634835801280402,1.6535201296494175,-0.5486923724097159
['data' 'LabeledDB_new' 'Bearing' '343' 'normalized_v2.ply'],-0.5143933240748317,-0.6040248798573845,0.7034024921878685,1.1536028555889322,1.4777824930859698,-0.5916240436631127,-0.0848561428522565,1.6561721875842916,-0.5485631724849844
['data' 'LabeledDB_new' 'Bearing' '344' 'normalized_v2.ply'],0.11924445753510032,-0.6686520661139763,1.522498802002102,1.9890391483768202,1.7344646648351956,0.033374778892393195,-0.4181753891756809,0.45850083299542105,-0.5486411444865114
['data' 'LabeledDB_new' 'Bearing' '345' 'normalized_v2.ply'],0.12850592661693125,-0.6647647250277449,1.453288066528502,1.9016647411818768,1.6823295516235346,0.0495162987467436,-0.41437202419045016,0.459566645711934,-0.5474248724017096
['data' 'LabeledDB_new' 'Bearing' '346' 'normalized_v2.ply'],0.12293767350900274,-0.6664099062180798,1.4821365947097551,1.8715269500136247,1.6837479514314195,0.021041564771904882,-0.421363826285651,0.45081961509878027,-0.5490093079160134
['data' 'LabeledDB_new' 'Bearing' '347' 'normalized_v2.ply'],0.08827557789753311,-0.701927240450096,2.3099379015269883,3.4523103123338243,2.2634135208296504,-0.07023923921776834,-0.45883417686637107,0.3008543879088882,-0.5473742199836229
['data' 'LabeledDB_new' 'Bearing' '348' 'normalized_v2.ply'],-0.8343852419937959,-0.5927918214155342,0.6096739800595068,3.2309178332809987,2.169317709345099,-0.7130210897594845,0.6074020603760006,4.150537690510074,-0.548685504366554
['data' 'LabeledDB_new' 'Bearing' '349' 'normalized_v2.ply'],-0.834429179852473,-0.5927918029360193,0.609673833667383,3.225212704683354,2.168965403712448,-0.7122824262766182,0.6180593852101547,4.185401613631537,-0.548605287029037
['data' 'LabeledDB_new' 'Bearing' '350' 'normalized_v2.ply'],-0.8393351113597362,-0.5971178939963071,0.6446255003214277,3.2399529310889092,2.1762377463673923,-0.722984457117443,0.6053409187576917,4.15359508458107,-0.5489273810969026
['data' 'LabeledDB_new' 'Bearing' '351' 'normalized_v2.ply'],-0.4915299172558552,-0.6385632144971158,1.0664240023968028,1.8113270535415034,1.504911158939143,-0.47077052697094357,-0.25329647409138406,1.0256750123015637,-0.5469502191513336
['data' 'LabeledDB_new' 'Bearing' '352' 'normalized_v2.ply'],-0.4836163147735874,-0.6468290387137211,1.1754390911381059,1.9047524689924993,1.615781960529868,-0.48269835898874464,-0.27261885340972886,0.9618418011024121,-0.5472686038580796
['data' 'LabeledDB_new' 'Bearing' '353' 'normalized_v2.ply'],-0.898368830482316,-0.5436252539646317,0.29079390601303434,0.5619014552664571,0.7956796309063124,-0.7453035556589174,0.20043796338915337,2.6898448823426904,-0.5488235842841489
['data' 'LabeledDB_new' 'Bearing' '354' 'normalized_v2.ply'],-0.6761238408476414,-0.6102899452507551,0.7601502401093747,0.7619019934090143,0.8818745537823146,-0.4698864430934979,0.13768368993321325,2.4583482933564067,-0.5486346818549254
['data' 'LabeledDB_new' 'Bearing' '355' 'normalized_v2.ply'],-0.9113927023122702,-0.5735686634174588,0.46952439394175577,3.9342784188426303,2.434942484464208,-0.7168892082249843,1.246430878050719,6.455656571808076,-0.5487626990468473
['data' 'LabeledDB_new' 'Bearing' '356' 'normalized_v2.ply'],-0.9114761409886445,-0.5736319674634616,0.4699492603742198,3.9114798598604623,2.434872437963583,-0.7159617911356646,1.2579853534110752,6.504450186511223,-0.5488742489065747
['data' 'LabeledDB_new' 'Bearing' '357' 'normalized_v2.ply'],-0.8467612218953579,0.11115624849004069,-0.7275084546240027,4.2750367073023465,1.7561579275420023,-0.638341858068816,4.871613824657805,5.378967965328678,-0.28834035099104405
['data' 'LabeledDB_new' 'Bearing' '358' 'normalized_v2.ply'],0.4375534677030955,-0.13103821599344953,-0.5781197377301434,-0.6270735375620845,-0.43319173559422747,0.25250295230558445,-0.6425555586619431,-0.3491547335549866,-0.5485413698283513
['data' 'LabeledDB_new' 'Bearing' '359' 'normalized_v2.ply'],0.44074596746405725,-0.13089114912611058,-0.5782425539477312,-0.6264788190096352,-0.43394045852003077,0.2698165448339178,-0.64073518556991,-0.34253894048330896,-0.5485636251317975
['data' 'LabeledDB_new' 'Bearing' '360' 'normalized_v2.ply'],-0.6303789998535138,-0.6031009419539296,0.695317796154467,3.247630185224927,2.0994464004885733,-0.5831947233970691,0.18011379427969995,2.6093179959011454,-0.5485774986006112
['data' 'LabeledDB_new' 'Bird' '241' 'normalized_v2.ply'],-0.9746441083250521,-0.32586431739160193,-0.3505434777009855,-0.8044736637843888,-0.4825882169811941,-0.7832536755009617,0.36178823517123243,-0.37750552532723236,0.7008020809862994
['data' 'LabeledDB_new' 'Bird' '242' 'normalized_v2.ply'],-0.3967441110056041,-0.24387251966532347,-0.4652453106306382,-0.6971872026169428,-0.41524668588828967,-0.7830077680571422,-0.5320318472084764,-0.4284081561275475,-0.35476289101267855
['data' 'LabeledDB_new' 'Bird' '243' 'normalized_v2.ply'],-0.9796103500803993,-0.3833151077427785,-0.24420168455739943,-0.30701643559723946,0.18754551605451153,-0.7832038202945634,1.6983885208940126,1.319226188162508,-0.17412926514457716
['data' 'LabeledDB_new' 'Bird' '244' 'normalized_v2.ply'],-0.8643079730979036,-0.05182677489031878,-0.6374149570919235,-0.4928754197481017,-0.010522503590893744,-0.7765545634198389,1.3879157692194382,0.3269661879723779,0.17252645439857503
['data' 'LabeledDB_new' 'Bird' '245' 'normalized_v2.ply'],-0.5344145025910639,0.1021103656775579,-0.7233475544220409,-0.8854896336309495,-0.7215455855614284,-0.7835026056324201,-0.5303522297617818,-0.4114428229052962,-0.37016243029098433
['data' 'LabeledDB_new' 'Bird' '246' 'normalized_v2.ply'],-0.8882690003259522,-0.16918765985431145,-0.5443712461968547,-0.5734401887788523,-0.35151000363045093,-0.7832663712630907,0.10591255666275266,0.9467222275067144,-0.45368137854805796
['data' 'LabeledDB_new' 'Bird' '247' 'normalized_v2.ply'],-0.6888455742555837,-0.061130587521204933,-0.6310963927505876,-0.8166809660945881,-0.5937590989846215,-0.7828797915355395,-0.41283055185874323,-0.048562995399275374,-0.4586258937188065
['data' 'LabeledDB_new' 'Bird' '248' 'normalized_v2.ply'],0.14619947757629728,0.2744744161862984,-0.7907442019098241,-0.9399925291122028,-0.8268666952482613,0.4053950840998487,-0.6441255905083059,-0.5415426584614796,-0.41993170877866426
['data' 'LabeledDB_new' 'Bird' '249' 'normalized_v2.ply'],-0.9703215222753285,-0.14106835604267948,-0.5696169983840408,-0.831579972821682,-0.5339138831328745,-0.7807087032811693,0.46741236516988577,0.11813987210847327,-0.06765381300627671
['data' 'LabeledDB_new' 'Bird' '250' 'normalized_v2.ply'],-0.8488420008313702,0.013760781883988328,-0.6779319289592721,-0.5037570318114951,0.1139572561607346,-0.7832573777386312,2.1177275589150595,-0.41703848600063775,3.3531823402666374
['data' 'LabeledDB_new' 'Bird' '251' 'normalized_v2.ply'],-0.9796103500803993,-0.3833151077427785,-0.24420168455739943,-0.30701643559723946,0.18754551605451153,-0.7832038202945634,1.6983885208940126,1.319226188162508,-0.17412926514457716
['data' 'LabeledDB_new' 'Bird' '252' 'normalized_v2.ply'],-0.5350709824955786,-0.04721690733641769,-0.6404889418218085,-0.8565116560018816,-0.7189185670167929,-0.7829818947173862,-0.4484977704042522,-0.1888756878088192,-0.43153008611321
['data' 'LabeledDB_new' 'Bird' '253' 'normalized_v2.ply'],-0.6179757385691097,0.054209622029044856,-0.6998705023620448,-0.8298402316433251,-0.577629012676037,-0.756993556197033,0.07508771615889494,-0.477380104804078,0.7898852240460676
['data' 'LabeledDB_new' 'Bird' '254' 'normalized_v2.ply'],-0.9431926997524406,-0.03301353796897249,-0.6497322237524467,-0.44504839355225184,0.10863058975122193,-0.7832550344364009,2.527151073394128,0.08447404364392651,1.0115148708395225
['data' 'LabeledDB_new' 'Bird' '255' 'normalized_v2.ply'],-0.7710195352485869,-0.2897350288722256,-0.40550076382123207,-0.7148963358762648,-0.3979840913682059,-0.7835031338742403,-0.40340365101479636,-0.06986344619609958,-0.44584385139853916
['data' 'LabeledDB_new' 'Bird' '256' 'normalized_v2.ply'],-0.7405996266745881,-0.22687635558266137,-0.48501892822744425,-0.8273717057836986,-0.41492450155676047,-0.7790589240848487,-0.35907669824701965,-0.5444625582460653,0.30304719373421346
['data' 'LabeledDB_new' 'Bird' '257' 'normalized_v2.ply'],-0.7654967854364684,2.554559174846008,-1.0333674701456264,-0.7799281956241145,-0.6699146687530791,-0.7827292416177433,2.3582178311462307,-0.0536399730751246,1.2615583426072978
['data' 'LabeledDB_new' 'Bird' '258' 'normalized_v2.ply'],-0.006846679030718349,0.4577751796103893,-0.8423862262583707,-0.8394555366726385,-0.8705971678457863,-0.6566731010070884,-0.5931919904350331,-0.5136932108634276,-0.347366963732897
['data' 'LabeledDB_new' 'Bird' '259' 'normalized_v2.ply'],-0.2919262567478865,-0.17364029663807104,-0.5401705548657465,-0.7389444756263298,-0.5826950719268271,-0.7366256599534267,-0.3912991722328202,-0.4726604888573504,-0.05141269797188475
['data' 'LabeledDB_new' 'Bird' '260' 'normalized_v2.ply'],0.23413821470298773,0.044950589416109,-0.6950307807383466,-0.8323192073438102,-0.6563068667111576,-0.3683643617412729,-0.6558123016070206,-0.5408906907131532,-0.4497096365748074
['data' 'LabeledDB_new' 'Bust' '301' 'normalized_v2.ply'],0.18630695954173074,-0.6557669058405103,1.3060668413034482,1.279241315203843,1.2254768495152943,-0.3910132320246852,-0.46957538616456307,0.12014207312100761,-0.5277687164120174
['data' 'LabeledDB_new' 'Bust' '302' 'normalized_v2.ply'],0.7572248167483194,-0.6116812251207276,0.7732271305491859,0.8379167449806316,1.0694615078319591,-0.44552946379176644,-0.5535117142368599,-0.31965444903683055,-0.4637613316722678
['data' 'LabeledDB_new' 'Bust' '303' 'normalized_v2.ply'],0.5466621154926112,-0.639623575482288,1.0798336050221116,1.12833950035368,1.2160300038594318,0.09485932052102707,-0.5324847227796172,-0.3072218034261372,-0.4485647803224617
['data' 'LabeledDB_new' 'Bust' '304' 'normalized_v2.ply'],-0.010217843311757664,-0.5855208738124289,0.5539009158265584,0.7064282551335469,0.6637337868633418,-0.654570905697479,-0.36959121914755844,0.31910911549058973,-0.5142020861785682
['data' 'LabeledDB_new' 'Bust' '305' 'normalized_v2.ply'],1.0662085420638603,-0.610632845849813,0.763356677380343,0.6472656272457786,1.104627372389372,-0.20131201045554772,-0.6313656090916848,-0.43764431086429595,-0.4943937780535166
['data' 'LabeledDB_new' 'Bust' '306' 'normalized_v2.ply'],0.527052614098388,-0.676060489737799,1.6651360063636873,0.8491628200042711,1.2018768430957147,-0.5199849160580589,-0.5738282954380128,-0.27768566828269714,-0.5023486062198611
['data' 'LabeledDB_new' 'Bust' '307' 'normalized_v2.ply'],1.569245201362308,-0.6858956140149565,1.879820163093044,1.6219876564095839,1.4156319226493743,0.8497082419235044,-0.6459695479918444,-0.3968246813183918,-0.5356255597691878
['data' 'LabeledDB_new' 'Bust' '308' 'normalized_v2.ply'],1.7560461238037404,-0.7161207050705495,2.807341677716522,2.1296710743353255,1.8036887695179482,0.45105017639045836,-0.6605139037407658,-0.44871021431416824,-0.5331823307986615
['data' 'LabeledDB_new' 'Bust' '309' 'normalized_v2.ply'],0.9866387574200441,-0.66529283084459,1.4624793131498988,1.1584521448456926,1.720273027638257,-0.3392302119900082,-0.6560004134261236,-0.4219264590109835,-0.538832163952731
['data' 'LabeledDB_new' 'Bust' '310' 'normalized_v2.ply'],1.3732929587655631,-0.7301001515988008,3.460139940456847,1.5522124650500528,2.072812592159712,-0.31007622867199064,-0.6513532447531712,-0.5313594368253983,-0.4509340952075078
['data' 'LabeledDB_new' 'Bust' '311' 'normalized_v2.ply'],0.9186397634010798,-0.6123811274280679,0.7798735908966596,1.2512515468600856,0.8498970901071156,0.011505399014860926,-0.554808949534525,-0.1391622763878935,-0.5275978821628173
['data' 'LabeledDB_new' 'Bust' '312' 'normalized_v2.ply'],1.0262909539625709,-0.6142290888220021,0.7976452182447168,0.7837003360621595,0.9898413863802418,-0.5029583486714413,-0.5688932774273489,-0.41043840924556574,-0.4240494620941269
['data' 'LabeledDB_new' 'Bust' '313' 'normalized_v2.ply'],1.1593464563068805,-0.6219142452870133,0.8752046650544255,1.2916846493769027,1.171961936707626,-0.289672944493598,-0.5906681012000079,-0.3423526700874662,-0.4928225397719521
['data' 'LabeledDB_new' 'Bust' '314' 'normalized_v2.ply'],0.7630145326284268,-0.6268443755043804,0.9282990588756462,0.6313391638378507,0.8573335059427766,0.9407926484926529,-0.510339686565207,-0.3987158392740307,-0.35584334694550873
['data' 'LabeledDB_new' 'Bust' '315' 'normalized_v2.ply'],0.7202542660206982,-0.7057481535066088,2.431107399583545,1.4492958919891816,1.880817252968753,-0.722491852371046,-0.6403691186405084,-0.357354142633901,-0.5433475823439367
['data' 'LabeledDB_new' 'Bust' '316' 'normalized_v2.ply'],0.7842592568807808,-0.6662423341852857,1.4791689704239817,1.2703488569261945,1.5294674867407752,-0.740638702626618,-0.6369798596106305,-0.3475173155201557,-0.5427524575001813
['data' 'LabeledDB_new' 'Bust' '317' 'normalized_v2.ply'],0.6456821770107034,-0.7149175039278,2.7596937814131963,1.368782969747446,1.8814817905445558,-0.5986536248991896,-0.6181928821296718,-0.37386148814644315,-0.5104138503952433
['data' 'LabeledDB_new' 'Bust' '318' 'normalized_v2.ply'],0.41158314505574817,-0.6674828659342152,1.5012981989841931,1.2227116840600378,1.4811696894508997,-0.23472679149131623,-0.5837572288048914,-0.26876492103666005,-0.5147900396146721
['data' 'LabeledDB_new' 'Bust' '319' 'normalized_v2.ply'],0.528168286780287,-0.7083093586035089,2.517195145322587,1.8075950139498824,1.5233459290221076,-0.7211020628936864,-0.5638077790722361,-0.21717965090325592,-0.5137236670015384
['data' 'LabeledDB_new' 'Bust' '320' 'normalized_v2.ply'],1.327823331662734,-0.6785420222178349,1.7163809811745183,1.0308566006574695,1.7411582164576123,-0.5525704669010062,-0.6511618694661754,-0.510808669251518,-0.4727941925137892
['data' 'LabeledDB_new' 'Chair' '101' 'normalized_v2.ply'],-0.588677186066791,1.0382076889029612,-0.9385155076517219,-0.9825342446076523,-1.2081295249267212,0.05474612154486599,-0.5251194092730505,-0.17267771744720417,-0.49666812260987825
['data' 'LabeledDB_new' 'Chair' '102' 'normalized_v2.ply'],-0.1085432165930125,0.822765981150335,-0.9107873726907492,-0.8487324559010522,-1.0241307498261396,-0.07087614995395068,-0.5997951207392727,-0.34141236644330086,-0.5034031042536351
['data' 'LabeledDB_new' 'Chair' '103' 'normalized_v2.ply'],-0.45105115220771685,0.3824584631524835,-0.8230807365455977,-0.9054010087068156,-1.0919177259210633,0.2205143563749358,-0.6151259980553389,-0.3393132618155342,-0.5212516377347848
['data' 'LabeledDB_new' 'Chair' '104' 'normalized_v2.ply'],-0.537468022757485,1.6161808771052564,-0.9886248167751759,-0.9654290608500502,-1.1806456132927992,-0.054493379832394384,-0.5612802218766633,-0.2072907864966044,-0.5145972250757201
['data' 'LabeledDB_new' 'Chair' '105' 'normalized_v2.ply'],-0.48704545114689896,1.850147248020747,-1.0027292258574645,-0.9801024861429327,-1.1660701523904564,-0.03758018491680068,-0.5551215898378452,-0.19259103571894715,-0.513939858976439
['data' 'LabeledDB_new' 'Chair' '106' 'normalized_v2.ply'],0.03708244992421345,1.1575190508707243,-0.9512650812410727,-0.9251592567090081,-1.1504470003222291,0.7135886105147128,-0.6475610384028248,-0.4275788182981784,-0.5240436798314091
['data' 'LabeledDB_new' 'Chair' '107' 'normalized_v2.ply'],-0.11748378025321353,0.7498071279860933,-0.899666483753161,-0.7401902532590778,-0.928133715257633,0.0522422955421514,-0.5699155972302173,-0.32581971401612775,-0.47803742940497457
['data' 'LabeledDB_new' 'Chair' '108' 'normalized_v2.ply'],-0.16616627628482183,0.6732924414753888,-0.8868321180318909,-0.7599786679585453,-0.9507723772932943,0.09902275165265564,-0.5699948310300283,-0.3319067541141474,-0.47513759696691454
['data' 'LabeledDB_new' 'Chair' '109' 'normalized_v2.ply'],-0.502005744238711,0.3191559070609639,-0.8048712907624205,-1.001339538288685,-1.2275087086089074,0.7661171986791239,-0.6408327357214807,-0.430858619364462,-0.5124818018342072
['data' 'LabeledDB_new' 'Chair' '110' 'normalized_v2.ply'],-0.6250803819324946,1.1303042162614827,-0.9484946062565851,-0.9568045989545712,-1.1496687345302954,-0.2586946580212647,-0.48770081566917955,-0.18722559468878014,-0.4628528060171259
['data' 'LabeledDB_new' 'Chair' '111' 'normalized_v2.ply'],-0.6573259596691418,0.9824960113488233,-0.9319824421549064,-0.967180094261305,-1.1595345281818168,-0.2533690776321959,-0.49380643414201714,-0.20105643991052907,-0.4623098629339205
['data' 'LabeledDB_new' 'Chair' '112' 'normalized_v2.ply'],-0.26470844980046987,0.622171237897655,-0.8774955520406524,-0.8962120861998188,-1.1395935075425174,0.5503748929050134,-0.6284519828249103,-0.3976533255973767,-0.5122473785548078
['data' 'LabeledDB_new' 'Chair' '113' 'normalized_v2.ply'],-0.3990554132284087,1.1303110203737992,-0.9484953086051366,-0.9877520822089294,-1.192435714631653,-0.2366089901178924,-0.5779669020451556,-0.3893671615852989,-0.4514976552235493
['data' 'LabeledDB_new' 'Chair' '114' 'normalized_v2.ply'],-0.9147834147745812,0.3481690067296355,-0.8134631878600806,-1.1102166490284655,-1.3488678786415134,-0.16210673159091257,-0.6089143306494271,-0.33819460392344314,-0.5148335917253827
['data' 'LabeledDB_new' 'Chair' '115' 'normalized_v2.ply'],-0.4745295729007377,0.979726537884729,-0.9316470946394385,-1.0058982044362612,-1.2178389864892885,-0.274862090654812,-0.5754735706980163,-0.38755839157498717,-0.4495170135855371
['data' 'LabeledDB_new' 'Chair' '116' 'normalized_v2.ply'],-0.05211221467708248,1.003685983712521,-0.9345144689504009,-0.8332330651382646,-1.0269951926516276,0.2926728049969152,-0.594956971258582,-0.3269848849172511,-0.5042457808606836
['data' 'LabeledDB_new' 'Chair' '117' 'normalized_v2.ply'],-0.08913474929350586,3.267589079016538,-1.0536126122229768,-0.9846818804931217,-1.2577216289222892,-0.07800080291454817,-0.6243721966454931,-0.4507649527103453,-0.47466767999197074
['data' 'LabeledDB_new' 'Chair' '118' 'normalized_v2.ply'],-0.5653492321234136,0.6276560297242664,-0.878528963568139,-0.9338341743862849,-1.1527109143387608,0.283690015666343,-0.508754993622223,-0.15725250789056638,-0.4892244959044866
['data' 'LabeledDB_new' 'Chair' '119' 'normalized_v2.ply'],-0.2827371314145032,0.9837558516823853,-0.9321346508159126,-0.9709085363267173,-1.146876803435797,0.11962277246892111,-0.6514330140397824,-0.38294108542812794,-0.547887485271709
['data' 'LabeledDB_new' 'Chair' '120' 'normalized_v2.ply'],-0.37598936479109885,0.9794143022802109,-0.9316092219982578,-0.7963506753650847,-1.0809092627636308,-0.2915242899536324,-0.5282554417656128,-0.21756945331990535,-0.48413490700983103
['data' 'LabeledDB_new' 'Cup' '21' 'normalized_v2.ply'],2.140247697090007,1.4266245165868858,-0.9750384479807197,-0.2020262285808332,-0.3670237245797938,-0.4577177392087517,-0.673400745523467,-0.5075731600771142,-0.5214489172372659
['data' 'LabeledDB_new' 'Cup' '22' 'normalized_v2.ply'],2.8684088532815606,0.47302904134506535,-0.8460211868937065,0.21718374626199866,0.018803049846499182,0.27845413208082714,-0.6847006517969207,-0.5020886128377654,-0.5477501281688124
['data' 'LabeledDB_new' 'Cup' '23' 'normalized_v2.ply'],1.6841373020741404,0.6373775018076981,-0.8803414453590923,-0.11916866588908266,-0.16652937201925871,-0.5604282229471604,-0.6524807221527185,-0.5223066510742407,-0.4638545293367298
['data' 'LabeledDB_new' 'Cup' '24' 'normalized_v2.ply'],2.7804653562153634,0.022363814613114243,-0.6827755198701662,0.6761486743730117,0.33647653411195094,0.16909209748503717,-0.6836715574999723,-0.5002682149037693,-0.5467244464630915
['data' 'LabeledDB_new' 'Cup' '25' 'normalized_v2.ply'],3.320743850042335,5.336705740308387,-1.0857911034125929,-0.15689203900845672,-0.6182041017555708,1.4550518284026472,-0.6453408059015362,-0.3660517863217967,-0.5462576865099514
['data' 'LabeledDB_new' 'Cup' '26' 'normalized_v2.ply'],2.943498640337106,4.139063279475814,-1.070442148193027,-0.3948664160829711,-0.5586394288823983,1.1057421558301814,-0.6524970874020833,-0.49204579669230886,-0.49192916521359276
['data' 'LabeledDB_new' 'Cup' '27' 'normalized_v2.ply'],3.1727393710930247,1.9913337853020345,-1.0101026399745077,-0.1960325660517668,-0.3090979233422311,1.3904004203508233,-0.6734054236477104,-0.5080357171043417,-0.5211305135722686
['data' 'LabeledDB_new' 'Cup' '28' 'normalized_v2.ply'],2.153129056586094,1.4349853107910824,-0.9756859671169362,-0.20394712116299962,-0.3659191455223727,-0.42141572175329145,-0.6734722470759797,-0.5054442802312985,-0.5230838594756425
['data' 'LabeledDB_new' 'Cup' '29' 'normalized_v2.ply'],2.1703972900150155,2.967414691982033,-1.0460200515917584,-0.46973175217511143,-0.5476519884965988,0.44574045704800985,-0.6594183788141463,-0.5224173642496589,-0.47910801259598595
['data' 'LabeledDB_new' 'Cup' '30' 'normalized_v2.ply'],0.9589938016779713,0.7371336910818864,-0.8976281226575417,-0.642839408229866,-0.9190878603967207,1.719095440448178,-0.5627313657554924,-0.05986909383025428,-0.5489465988778337
['data' 'LabeledDB_new' 'Cup' '31' 'normalized_v2.ply'],2.411976565294145,-0.04734791387514481,-0.640402092915021,0.23834309800504366,0.45187004275786685,-0.09662426729017849,-0.6768096624058686,-0.5478968011890761,-0.4943633642330011
['data' 'LabeledDB_new' 'Cup' '32' 'normalized_v2.ply'],3.375346715500791,3.5671913393973065,-1.0601534722135173,-0.3636739110004567,-0.5327291668148489,1.738226853640437,-0.6733080242163996,-0.5091466299137513,-0.5201352738202261
['data' 'LabeledDB_new' 'Cup' '33' 'normalized_v2.ply'],2.6874470835991504,0.5396539677914789,-0.8609380142405506,0.20551805922327465,-0.03720408259569613,0.01843818798288262,-0.685969384585878,-0.5115724848212836,-0.5448472245128736
['data' 'LabeledDB_new' 'Cup' '34' 'normalized_v2.ply'],3.7863602981461515,0.11838949412049603,-0.7307775443716442,0.6379796901418356,0.34939995457323497,2.2585882738035945,-0.6682636019256312,-0.5248448847644757,-0.4965187323946025
['data' 'LabeledDB_new' 'Cup' '35' 'normalized_v2.ply'],1.6841600593900108,0.16941974889768208,-0.752475588417758,0.35784214542073645,-0.288442957117419,1.513840056200639,-0.592977767807288,-0.17924564429903642,-0.5467633052791218
['data' 'LabeledDB_new' 'Cup' '36' 'normalized_v2.ply'],3.4732266271827084,4.301735384840365,-1.0729486599576161,-0.44444112487677734,-0.6201992788823151,1.9591129715326243,-0.6760317761406791,-0.5082256009956889,-0.526394620096116
['data' 'LabeledDB_new' 'Cup' '37' 'normalized_v2.ply'],2.8643564724778336,1.0916286928160541,-0.944421355836532,-0.08557625391791616,-0.13747743901356876,-0.7542486236520556,-0.6878768221097354,-0.5482229425693033,-0.5225864659848688
['data' 'LabeledDB_new' 'Cup' '38' 'normalized_v2.ply'],2.4925588021603375,1.2511159394005238,-0.960236075186644,-0.12851979129434893,-0.20198366058574999,-0.36699537324475584,-0.6826989808043902,-0.5330926051721022,-0.5225951360531607
['data' 'LabeledDB_new' 'Cup' '39' 'normalized_v2.ply'],2.976520450591647,8.580979838254644,-1.1077131751140126,-0.5674576629920076,-0.8114082042401354,0.16504125003909598,-0.6814172719790391,-0.5256534178393798,-0.5254506349521921
['data' 'LabeledDB_new' 'Cup' '40' 'normalized_v2.ply'],2.433193679704637,3.872759946615401,-1.0659633429573419,0.02291870492075468,-0.41486879124254555,0.3578025593739342,-0.6248498110029364,-0.2845052497709964,-0.5488084995134969
['data' 'LabeledDB_new' 'Fish' '221' 'normalized_v2.ply'],-0.49144931113594753,-0.616308227571378,0.818035583364323,-0.014037446867238368,0.3022564360782059,-0.7050630896310879,-0.1909999738317509,-0.01796145190302982,-0.3372072830086235
['data' 'LabeledDB_new' 'Fish' '222' 'normalized_v2.ply'],-0.7323364679718102,-0.6254749104916275,0.913273454866864,0.09759212118640188,0.7695995351348354,-0.6040520788787752,-0.08759064235621311,0.623974096647625,-0.4621573406644081
['data' 'LabeledDB_new' 'Fish' '223' 'normalized_v2.ply'],-0.5938879644806558,-0.5232436129380909,0.19013389584209084,-0.49127698976238293,0.11242817977545944,-0.6769980871364046,-0.2051143741398061,0.13990919516803468,-0.40445465258908286
['data' 'LabeledDB_new' 'Fish' '224' 'normalized_v2.ply'],-0.7771001383080072,-0.5804927209759504,0.5173558948162418,0.0063875739658406944,0.773388130956342,-0.734254695067328,0.11002646073601836,1.5536947893127573,-0.5086271182230281
['data' 'LabeledDB_new' 'Fish' '225' 'normalized_v2.ply'],-0.6558935724095488,-0.5337473615765903,0.2401863522244913,-0.4205228048080055,0.129549653540889,-0.7409150936333927,-0.3059537167077207,0.6904861971868776,-0.5348233669426737
['data' 'LabeledDB_new' 'Fish' '226' 'normalized_v2.ply'],-0.748521074514143,-0.6236561481937876,0.8936510115692468,0.21474199156511373,0.647497750845383,-0.553684881985692,-0.06505248035310812,0.9393612944318046,-0.49474024034356007
['data' 'LabeledDB_new' 'Fish' '227' 'normalized_v2.ply'],-0.748521074514143,-0.6236561481937876,0.8936510115692468,0.21474199156511373,0.647497750845383,-0.553684881985692,-0.06505248035310812,0.9393612944318046,-0.49474024034356007
['data' 'LabeledDB_new' 'Fish' '228' 'normalized_v2.ply'],-0.6737253495653087,-0.6109716119667535,0.7665350459223399,-0.013510466825034668,0.42384314272048496,-0.5960987261862989,-0.07604133126102235,0.5860736824589492,-0.4527101461337412
['data' 'LabeledDB_new' 'Fish' '229' 'normalized_v2.ply'],-0.7189345875381159,-0.6264664564715376,0.9241307499805256,0.15062817190214464,0.7346362183336715,-0.630105780742254,-0.1523084247825123,0.6092521701460419,-0.4798180015905361
['data' 'LabeledDB_new' 'Fish' '230' 'normalized_v2.ply'],-0.44381923814155905,-0.6147936402768597,0.8031399217060231,0.023189040165774,0.35315879343724454,-0.6585950852935744,-0.22136794732946025,-0.03842127833840145,-0.34567174944946827
['data' 'LabeledDB_new' 'Fish' '231' 'normalized_v2.ply'],-0.6414090628315778,-0.5896879355886923,0.5854244162996123,-0.20289695611498662,0.5638477177046551,-0.7182700848574982,-0.18492990046713056,0.5919599766367221,-0.48756150240864937
['data' 'LabeledDB_new' 'Fish' '232' 'normalized_v2.ply'],-0.736173038479679,-0.582154440310946,0.5292586632959776,0.2522662645056353,0.7546434899247416,-0.6456061707241572,0.16149595182355145,0.9906163796902665,-0.44580779332497317
['data' 'LabeledDB_new' 'Fish' '233' 'normalized_v2.ply'],-0.1736506342925403,-0.5774151249786429,0.49575136811986675,-0.307476084256029,0.4239462835599329,-0.73118762989886,-0.5292512320863034,-0.21295180489737323,-0.4866122933566697
['data' 'LabeledDB_new' 'Fish' '234' 'normalized_v2.ply'],-0.4720948624500678,-0.556581351879671,0.36304114675774757,-0.3490215674815852,0.323627102801842,-0.626194762807472,-0.29221434564153825,-0.03981740456505589,-0.38803527901499185
['data' 'LabeledDB_new' 'Fish' '235' 'normalized_v2.ply'],-0.7532197521407722,-0.5815275820955665,0.524748608903816,-0.14568192415648015,0.5955619568086635,-0.6794871585007943,0.007031754771587459,1.3400241708844762,-0.5130568495372395
['data' 'LabeledDB_new' 'Fish' '236' 'normalized_v2.ply'],-0.8106708141311124,-0.5391128391734052,0.26722549528734757,-0.2466213306425734,0.4434455108114085,-0.7127098314309239,0.21667511185293878,1.5555175697796284,-0.48969882683261506
['data' 'LabeledDB_new' 'Fish' '237' 'normalized_v2.ply'],-0.868098691866349,-0.5552603658083716,0.3553447278990595,0.0895392013686886,0.7167161934377648,-0.7278545715033495,0.46092265489407275,1.8555354184863864,-0.4712376971556929
['data' 'LabeledDB_new' 'Fish' '238' 'normalized_v2.ply'],-0.7941470268164705,-0.5626659951094279,0.39953303833015374,-0.0487159111391553,0.4760520342009766,-0.6975769435616432,0.13463902880845882,1.5927405774434287,-0.5068888872167725
['data' 'LabeledDB_new' 'Fish' '239' 'normalized_v2.ply'],-0.7694360184664535,-0.5994192765536351,0.6637910568046949,0.396752341395892,1.3898885799646523,-0.7658945320310823,0.259066342948175,0.8314458148312345,-0.3978793558975519
['data' 'LabeledDB_new' 'Fish' '240' 'normalized_v2.ply'],-0.5682058309159876,-0.5774046307202646,0.49567865728067234,-0.14344976528533193,0.6350172466080382,-0.6422528658321699,-0.15401802942383985,0.20346978478092811,-0.3996832652100007
['data' 'LabeledDB_new' 'FourLeg' '381' 'normalized_v2.ply'],-0.20714810921777005,-0.6169188696984895,0.8241056153509505,0.2675527647885874,0.18755548519143678,-0.2666215830288901,-0.3766361161201109,-0.15407580468829965,-0.3933260746845612
['data' 'LabeledDB_new' 'FourLeg' '382' 'normalized_v2.ply'],-0.5287214982936431,-0.4890424863518979,0.04952233269862993,-0.4241761023063839,-0.4144431887803204,-0.16796499424235858,-0.3378741941594291,-0.20146039663629817,-0.33702925298350617
['data' 'LabeledDB_new' 'FourLeg' '383' 'normalized_v2.ply'],-0.08228394975804688,-0.5562905268973586,0.36133997096605047,0.7455398708025207,0.29072448340430695,-0.1879198756393101,-0.3614964633872785,0.11950168710276945,-0.4747173293567607
['data' 'LabeledDB_new' 'FourLeg' '384' 'normalized_v2.ply'],-0.5091746895125762,-0.4602626808459736,-0.047783074191941034,0.10626524460973016,-0.16941317417112758,-0.7820130257074671,-0.1512838857667717,-0.074328670556771,-0.2828231657411817
['data' 'LabeledDB_new' 'FourLeg' '385' 'normalized_v2.ply'],-0.3153538675407142,-0.46600651219896333,-0.029645487645682037,-0.07739935269712406,-0.1463796676785997,-0.7553551927251069,-0.13031429735971511,-0.22516727986122456,-0.14623484606947784
['data' 'LabeledDB_new' 'FourLeg' '386' 'normalized_v2.ply'],-0.03656379467977544,-0.4882813743742646,0.04672819028989742,-0.5676586518830699,-0.4942753936303594,0.9765340563938658,-0.46208797896214265,-0.3753918957471057,-0.318279288001265
['data' 'LabeledDB_new' 'FourLeg' '387' 'normalized_v2.ply'],-0.5457204346471097,-0.4539308174349066,-0.06710850437515047,-0.20106923894495346,-0.12008860640818154,-0.6778493054292235,-0.06068266703115688,-0.3004311441049187,0.019146449408776887
['data' 'LabeledDB_new' 'FourLeg' '388' 'normalized_v2.ply'],-0.06205417540233832,-0.5212694876259645,0.18112664691070282,0.27201190807803,0.17231295328203347,-0.15185733861255615,-0.34373697378533036,-0.2466612383647865,-0.3102363827455724
['data' 'LabeledDB_new' 'FourLeg' '389' 'normalized_v2.ply'],-0.4496755830530485,-0.31723833884478175,-0.3643899460198376,-0.4825168506969914,-0.5166317561856657,-0.6822948143803315,-0.33658176751592567,-0.16959740553189406,-0.35533904118226955
['data' 'LabeledDB_new' 'FourLeg' '390' 'normalized_v2.ply'],-0.8334067077005158,-0.11829914931537606,-0.5885658671633642,-0.8115481149946382,-0.8720263069822636,-0.6281027041535536,-0.11709799737303286,-8.143801914389777e-06,-0.30310825318568163
['data' 'LabeledDB_new' 'FourLeg' '391' 'normalized_v2.ply'],-0.2412651492445402,-0.5173603168801837,0.16364321779267826,0.24077297353318783,0.18073152289021305,-0.5711424613681712,-0.13542000762550624,-0.16904517586063475,-0.20400982208833515
['data' 'LabeledDB_new' 'FourLeg' '392' 'normalized_v2.ply'],-0.2751818943682895,-0.5765320654109987,0.4896553780977245,0.3047003725592697,0.27702318865731296,-0.4013230479254494,-0.22991677029552338,-0.017055257884975493,-0.3604858017181558
['data' 'LabeledDB_new' 'FourLeg' '393' 'normalized_v2.ply'],-0.5573025958625973,-0.37979760390592904,-0.2515198016040454,-0.37705446586193575,-0.34516655727355744,-0.767150243113683,-0.07560622586614978,-0.36691946710020285,0.13518713942669786
['data' 'LabeledDB_new' 'FourLeg' '394' 'normalized_v2.ply'],-0.18836437724032043,-0.40392434481712436,-0.19880687714715234,-0.31492057702718834,-0.46044592562156467,2.191563364782393,-0.2622565985735818,-0.42189046885443865,0.023423150748253633
['data' 'LabeledDB_new' 'FourLeg' '395' 'normalized_v2.ply'],-0.4426155911435223,-0.42239220189265037,-0.15407823197450343,-0.23177771673570044,-0.3820461733555318,-0.6693270454730974,-0.17001176906090373,-0.18390529428071697,-0.21779338653170677
['data' 'LabeledDB_new' 'FourLeg' '396' 'normalized_v2.ply'],-0.39552210855084474,-0.4249071876850924,-0.14765921891826136,-0.03144915579194466,-0.022845182512371314,0.4840175322987397,-0.08401432022878315,-0.298143073792917,-0.00785583744150696
['data' 'LabeledDB_new' 'FourLeg' '397' 'normalized_v2.ply'],-0.32140723436153407,-0.4564491766722237,-0.059504029104032075,-0.14085996433719136,-0.052138252340714765,0.12557932631198046,-0.14170688871221623,-0.25173220163549165,-0.12620523561606614
['data' 'LabeledDB_new' 'FourLeg' '398' 'normalized_v2.ply'],-0.5178976489030268,-0.44425273480503485,-0.09537076391740679,-0.08336843947542424,-0.093022934024482,-0.5036729864975638,-0.22188072044531595,-0.22546455254773612,-0.2230699820082605
['data' 'LabeledDB_new' 'FourLeg' '399' 'normalized_v2.ply'],-0.5228381766878145,-0.4458160151553746,-0.09090601035901616,-0.5495262087857009,-0.37899911635828354,-0.756458666791034,-0.3603470331080017,-0.42529086523272674,-0.1100263089807219
['data' 'LabeledDB_new' 'FourLeg' '400' 'normalized_v2.ply'],-0.5475851659495368,-0.3904953148322162,-0.22888676172002415,-0.4909815846263966,-0.6372025668285426,-0.32211063891276653,-0.010075108568884933,-0.014122176454576254,-0.23321889973324442
['data' 'LabeledDB_new' 'Glasses' '41' 'normalized_v2.ply'],-0.6187492101290152,1.6318797918267145,-0.9896556351120578,-1.0767137533642175,-1.403140137069813,3.414724628875293,-0.17648984020328232,-0.5190719879367047,0.5684445188836686
['data' 'LabeledDB_new' 'Glasses' '42' 'normalized_v2.ply'],-1.0042715729506613,0.6639119173166191,-0.8851672570919918,-1.1244953066947618,-1.3697188640759559,0.33087292215475533,0.043573929896947354,-0.3574800403790224,0.2521532899017827
['data' 'LabeledDB_new' 'Glasses' '43' 'normalized_v2.ply'],-1.081312140722178,0.8646570399369267,-0.9167360418152829,-1.1388630557497674,-1.393866086437368,-0.01510582420984765,0.6080079686257851,-0.33922936691658895,0.8302238585082914
['data' 'LabeledDB_new' 'Glasses' '44' 'normalized_v2.ply'],-0.6879097285856156,1.8308409877938774,-1.0016598000083945,-1.075376980825936,-1.3816700054033906,1.2064737751263384,0.1736531521340014,-0.5350947276457353,1.5185403909078072
['data' 'LabeledDB_new' 'Glasses' '45' 'normalized_v2.ply'],-0.8119813573493163,0.614126977725631,-0.8759655510073798,-1.066346215722723,-1.2945413802216497,1.0070876917468015,0.1666451729159134,-0.2285787377574441,0.10930978455364956
['data' 'LabeledDB_new' 'Glasses' '46' 'normalized_v2.ply'],-1.168461083337733,0.08778105132288781,-0.7165857026662255,-0.9085791054804446,-0.9994441948106388,-0.7556359537386981,1.0869656423014984,1.95556545835451,-0.38335293551761573
['data' 'LabeledDB_new' 'Glasses' '47' 'normalized_v2.ply'],-1.1986662844441816,0.046399094287857566,-0.6957947847062638,-0.06781539907751162,-0.1809996778746067,-0.7832727512836755,8.52535986575232,6.180646539986401,-0.11746559527068245
['data' 'LabeledDB_new' 'Glasses' '48' 'normalized_v2.ply'],-0.9016697806210194,1.1729854811634206,-0.9528057601110134,-1.0950150967221641,-1.3518073709123175,0.5238988001183263,0.38579315915700024,-0.38370370142549326,0.7573015664824752
['data' 'LabeledDB_new' 'Glasses' '49' 'normalized_v2.ply'],-1.072888985495099,0.53761041220471,-0.8605023254716446,-1.0270104435163552,-1.2786133807936946,-0.7797297730002231,0.8812438654534147,-0.0130405685840485,0.2864569653183243
['data' 'LabeledDB_new' 'Glasses' '50' 'normalized_v2.ply'],-0.589785918898567,1.2340393934515534,-0.9586604653549187,-1.039758492587458,-1.3758296869369,3.1821001636963895,-0.1745283315679605,-0.5339664083785098,0.6803784331379185
['data' 'LabeledDB_new' 'Glasses' '51' 'normalized_v2.ply'],-1.0880025840955982,0.3536290650169422,-0.8150324170173624,-1.0661030734269972,-1.3463016216180654,-0.7725953991501675,0.28224035552225485,-0.2764126301086426,0.30433295041245895
['data' 'LabeledDB_new' 'Glasses' '52' 'normalized_v2.ply'],-1.235160212987369,-0.030913169939052798,-0.6510706751349424,-1.0016737595007517,-1.1829253459658045,-0.7620910718866306,0.7078345616498833,1.7227207627693637,-0.4197942524905149
['data' 'LabeledDB_new' 'Glasses' '53' 'normalized_v2.ply'],-1.1549714261373307,0.2957100391485229,-0.7976000859671768,-1.0100373779564276,-1.1668117374309463,-0.7635255699497817,1.216968718960542,1.0838299514698522,-0.21874594454160048
['data' 'LabeledDB_new' 'Glasses' '54' 'normalized_v2.ply'],-0.6323548374247504,1.1999570254029963,-0.955435921992933,-1.0507415737420251,-1.3814365133117255,2.9604961593714507,-0.1717731906408045,-0.5305331434103001,0.6603165708492027
['data' 'LabeledDB_new' 'Glasses' '55' 'normalized_v2.ply'],-1.0876367553434336,0.33626590703230025,-0.8099906166945742,-1.071002750261015,-1.345713655504002,-0.7485411614146786,0.3084025834184216,-0.2705359338489086,0.3155994235642576
['data' 'LabeledDB_new' 'Glasses' '56' 'normalized_v2.ply'],-0.40729840710820553,2.1695554454684483,-1.0184140443633978,-1.0368507136982412,-1.247070203004006,1.4428929707895546,-0.0843358937558951,-0.5448986967385254,1.0001711825366213
['data' 'LabeledDB_new' 'Glasses' '57' 'normalized_v2.ply'],-0.6077341713808765,1.2011762712899716,-0.9555531556075018,-1.0479934571232519,-1.3818792066474674,3.2691968792272164,-0.1763819314789346,-0.5311851892581024,0.6545548986370989
['data' 'LabeledDB_new' 'Glasses' '58' 'normalized_v2.ply'],-1.2162815500107655,0.17620664961739652,-0.7551930188084871,-0.7249381998879787,-0.794954460524031,-0.7834157432048758,4.163249253584561,7.391693629414237,-0.41626922597351934
['data' 'LabeledDB_new' 'Glasses' '59' 'normalized_v2.ply'],-1.0884841144193613,0.14045129166750905,-0.7404426763162573,-0.9246177051096054,-1.1992872217270956,-0.780584398385422,0.7043986162358092,0.08145437586346219,0.08174956500121909
['data' 'LabeledDB_new' 'Glasses' '60' 'normalized_v2.ply'],-1.1658877759746753,0.05816147131494028,-0.7019048856312603,-0.8999162351905976,-1.060242628975926,-0.7601695099356104,1.1261488613567883,1.5060065654923067,-0.31976414376750556
['data' 'LabeledDB_new' 'Hand' '181' 'normalized_v2.ply'],-0.4956293159739489,-0.391437468190167,-0.2268386575501622,0.04606813786709978,0.3311034853388449,-0.7389036207525088,0.118449944412804,-0.02815618240408048,-0.14763870658603032
['data' 'LabeledDB_new' 'Hand' '182' 'normalized_v2.ply'],-0.15228860388541174,-0.4710954637943462,-0.013069413564563547,0.1825556950859483,0.47549731887073204,-0.71925118432353,-0.32736950987497887,-0.17266447014683522,-0.3465857266416733
['data' 'LabeledDB_new' 'Hand' '183' 'normalized_v2.ply'],0.31064443947165615,-0.45146007881909733,-0.07446674793515282,0.35641442763040854,0.46189132227552154,-0.7112118392236285,-0.2104190671039461,-0.44100399178342714,0.15242893351901013
['data' 'LabeledDB_new' 'Hand' '184' 'normalized_v2.ply'],-0.1670036361667392,-0.37340931436477204,-0.2645122938643679,0.12606042869271342,0.39332889256765047,-0.7091101330379758,-0.26444058739549664,-0.15690081851979704,-0.3092438288487941
['data' 'LabeledDB_new' 'Hand' '185' 'normalized_v2.ply'],-0.34010893237288353,-0.4055740854254325,-0.19497544833188996,0.3337271834787559,0.9500302626885158,-0.7269936543801714,0.4852657263505994,-0.1410912061850793,0.21801715256225335
['data' 'LabeledDB_new' 'Hand' '186' 'normalized_v2.ply'],-0.30617952954838457,-0.48447624775726533,0.032952153906739556,0.17938637979893074,0.33327660640003326,-0.7103804127242592,-0.1492053851423454,-0.1128214118945436,-0.2568167977681636
['data' 'LabeledDB_new' 'Hand' '187' 'normalized_v2.ply'],-0.4552401926396622,-0.4206825263311013,-0.15839507564744212,0.15296890070156108,0.44597510297266635,-0.7388429063033273,0.0851107031820064,-0.03766959993222765,-0.16050011009628876
['data' 'LabeledDB_new' 'Hand' '188' 'normalized_v2.ply'],-0.19984236884979378,-0.17673604743942906,-0.5372154229627184,-0.7523221703677784,-0.6178513420578954,-0.6189998070168948,-0.5183361909315878,-0.28324264315937775,-0.44708898388556345
['data' 'LabeledDB_new' 'Hand' '189' 'normalized_v2.ply'],0.6241358930605292,-0.14187670423740067,-0.5689207097639682,-0.598955919877094,-0.5543831282629357,1.277632809881252,-0.6545811621038206,-0.5460069733643205,-0.43976504968297536
['data' 'LabeledDB_new' 'Hand' '190' 'normalized_v2.ply'],-0.35411220281136896,-0.09579086964906472,-0.6061180624339959,-0.5708963886513134,-0.3250482545461577,-0.6153116694201195,-0.09653952388064377,-0.40454398727850044,0.2068330039177061
['data' 'LabeledDB_new' 'Hand' '191' 'normalized_v2.ply'],0.18160168154310766,-0.46400045194934686,-0.03604761534176803,-0.071314146205305,0.25027671657808764,-0.4645419708457908,-0.5562249223826888,-0.3290782813964105,-0.46173249186495824
['data' 'LabeledDB_new' 'Hand' '192' 'normalized_v2.ply'],-0.36905793050403696,-0.09959964845964894,-0.6032255894607175,0.44000344006897385,0.5321407975677942,-0.7269683746765103,1.6020116280061243,-0.33048939858584825,1.8680619182053728
['data' 'LabeledDB_new' 'Hand' '193' 'normalized_v2.ply'],-0.3392682157272786,-0.13730386784494636,-0.5728377381646708,-0.3909154691879468,-0.38672470464799336,-0.5698110801731522,-0.47583956174646397,-0.0069416345466680246,-0.5071525903071835
['data' 'LabeledDB_new' 'Hand' '194' 'normalized_v2.ply'],-0.3355859557695764,-0.09720636163513008,-0.6050466907302101,-0.3640348840478914,-0.3096555075455194,-0.7313926665152606,-0.26960713244233464,-0.1313098270688903,-0.32857704672818033
['data' 'LabeledDB_new' 'Hand' '195' 'normalized_v2.ply'],-0.32099293624264713,-0.14879645432827998,-0.5628910693093382,-0.05023666868196459,0.030825112523605203,-0.6440267042961424,-0.4228071042433331,0.04758713712427326,-0.48982986856797855
['data' 'LabeledDB_new' 'Hand' '196' 'normalized_v2.ply'],-0.3227033693290735,-0.12770698796241622,-0.5808887700136666,-0.6445020386463555,-0.3764015357991747,-0.5870312250161255,-0.4883068596707703,-0.4899001468119047,-0.18488656996221275
['data' 'LabeledDB_new' 'Hand' '197' 'normalized_v2.ply'],-0.3444532327396859,-0.10960138673760206,-0.5954812987733142,-0.4975918701784784,-0.42264874708413264,-0.7437356997211091,-0.5100583332771141,-0.16051734956132185,-0.48916178013942746
['data' 'LabeledDB_new' 'Hand' '198' 'normalized_v2.ply'],-0.6491685494632555,-0.4584697016219044,-0.05332511190392969,0.16808704641803077,0.364362154653427,-0.7521013876775574,0.3198668753844996,0.9914075089736772,-0.40820810052953477
['data' 'LabeledDB_new' 'Hand' '199' 'normalized_v2.ply'],-0.2018898183762203,-0.4981463490062435,0.08398492180060939,0.8131177518368147,0.7638948831721543,-0.5029959160449974,-0.21757463358077872,0.25209337698055023,-0.4397779311694817
['data' 'LabeledDB_new' 'Hand' '200' 'normalized_v2.ply'],-0.40393215932810417,-0.43403769632063494,-0.12364268285199921,-0.0979211007612896,0.2697252936969861,-0.6837293554853265,0.14661456605639328,-0.22595964392327889,0.08820029559027874
['data' 'LabeledDB_new' 'Human' '1' 'normalized_v2.ply'],-0.7536072227199772,-0.008216280292360684,-0.6650895368116791,-0.2056438626493216,-0.4003312786483041,-0.718881336929737,1.538957935396569,0.9169049468832493,-0.09306340005484154
['data' 'LabeledDB_new' 'Human' '10' 'normalized_v2.ply'],-0.7585131993726465,-0.1205543795853157,-0.58674448681981,-0.5507148062633566,-0.5411023685494305,-0.6553967675853171,1.3982359368345123,0.3937389198174028,0.12565622685362396
['data' 'LabeledDB_new' 'Human' '11' 'normalized_v2.ply'],-0.5818932823343802,-0.24560746123697533,-0.4631604305866439,-0.6633303227129717,-0.6576620964072663,-0.7092767393455239,0.9236082129381462,0.12320997533916347,0.15120278048411348
['data' 'LabeledDB_new' 'Human' '12' 'normalized_v2.ply'],-0.6187642699247821,-0.3160068607706953,-0.3663276574987606,-0.6459552209209423,-0.5899817624378588,-0.6987170049273952,0.9074521245438862,0.22721830665032966,0.05356421878275081
['data' 'LabeledDB_new' 'Human' '13' 'normalized_v2.ply'],-0.5505521511221574,-0.4474488700066718,-0.08620197982548577,0.00282367178161879,0.1893354194274822,-0.6816263679197223,0.08589303881065818,0.19169267674383939,-0.28818534803198026
['data' 'LabeledDB_new' 'Human' '14' 'normalized_v2.ply'],-0.6316505989466812,-0.14624435058612045,-0.565129415231851,-1.0968240587119171,-1.1111472402136213,0.0317246137402003,-0.5352442426160574,-0.3520570779086274,-0.4247284252954413
['data' 'LabeledDB_new' 'Human' '15' 'normalized_v2.ply'],-0.5156415033286607,-0.13103292826192972,-0.5781241544546434,-0.4387378484829084,-0.23440759176949336,-0.7615177071508422,-0.3784166953701226,0.2733423612277058,-0.5109827061060657
['data' 'LabeledDB_new' 'Human' '16' 'normalized_v2.ply'],-0.6197690997784843,-0.26684700520590193,-0.4365667714378865,-0.12003573475424119,-0.21569537107122475,-0.6903406890354401,-0.24539839121307808,0.5622019618678512,-0.5027622724797893
['data' 'LabeledDB_new' 'Human' '17' 'normalized_v2.ply'],-0.6127872953739362,-0.15834948145529054,-0.5543580033706452,-0.7220577167994381,-0.76638036368068,0.07814636051794326,-0.2303408372101566,0.014591537219801406,-0.3739405528695857
['data' 'LabeledDB_new' 'Human' '18' 'normalized_v2.ply'],-0.34193226540458316,-0.4934774041040096,0.06606675480972382,0.12760711281017173,0.34218533383623806,-0.689683031549922,-0.45727534633500466,-0.042776035150513016,-0.48750632635252633
['data' 'LabeledDB_new' 'Human' '19' 'normalized_v2.ply'],-0.7303456782785466,-0.1844088744191878,-0.5297660097462187,-0.49538673508493414,-0.4106860093918416,-0.7254258366592679,1.1185884093791532,0.4663992288616399,-0.01956098464000314
['data' 'LabeledDB_new' 'Human' '2' 'normalized_v2.ply'],-0.6684227985913755,-0.303967474478168,-0.3847793335436364,-0.27011143108186575,-0.24809586226873473,-0.6538962590437082,0.7639495934482251,0.23922102129864817,-0.016905638282649384
['data' 'LabeledDB_new' 'Human' '20' 'normalized_v2.ply'],-0.7170042748149382,-0.10502760510481023,-0.5990498346126523,-0.4997223077640833,-0.4096650984237501,-0.6729752015428677,1.3441254301327292,0.37753711274940094,0.11724377592413554
['data' 'LabeledDB_new' 'Human' '3' 'normalized_v2.ply'],-0.6907932593600167,-0.18597356919951377,-0.5282245598322932,-0.6478746110546869,-0.579891932836017,-0.47242370228392044,-0.23307804005061344,0.5785642028255443,-0.5009016547105153
['data' 'LabeledDB_new' 'Human' '4' 'normalized_v2.ply'],-0.677508223554991,-0.18200507999734758,-0.5321192433415123,-0.7038791817928112,-0.6414789050951912,-0.42716735531748307,-0.17383270823109342,0.15156389798699718,-0.3931937808863751
['data' 'LabeledDB_new' 'Human' '5' 'normalized_v2.ply'],-0.5821140297222105,-0.35939641017570534,-0.2917350793403464,-0.2238965686222436,-0.10306264409015102,-0.7079122374460044,0.40691866733590837,0.10096051423000965,-0.08532162323863836
['data' 'LabeledDB_new' 'Human' '6' 'normalized_v2.ply'],-0.6324154183513174,-0.1987475993800799,-0.5153474120395272,0.3675366617601294,0.27599321721743775,-0.6838896515492728,0.6550623993126907,1.6647991277908565,-0.4228936309042945
['data' 'LabeledDB_new' 'Human' '7' 'normalized_v2.ply'],-0.6873975039101627,-0.2563647750247039,-0.4499441974539901,0.35123279031735044,0.2997788813713843,-0.7176189407729152,0.8411633082181293,1.1460464908825172,-0.31559366651621035
['data' 'LabeledDB_new' 'Human' '8' 'normalized_v2.ply'],-0.8197061268179261,-0.0628419343000508,-0.6299171291185652,-0.7122775596501674,-0.6518960696922393,-0.7504751170220904,0.4608089020689566,0.9410082131882703,-0.36589202008360167
['data' 'LabeledDB_new' 'Human' '9' 'normalized_v2.ply'],-0.8357738912250826,-0.1021666611402703,-0.6012587012394083,-0.7008000223267923,-0.6232400610896777,-0.7461660516035405,0.47645295136303767,1.0447856470312602,-0.3797789826749186
['data' 'LabeledDB_new' 'Mech' '321' 'normalized_v2.ply'],2.4179411654743928,-0.6875057934050312,1.91812710947418,1.4209680613656066,2.0584011469325674,2.211394732701166,-0.6825038383537992,-0.4942923321601603,-0.5477255132088337
['data' 'LabeledDB_new' 'Mech' '322' 'normalized_v2.ply'],2.4377954211557444,-0.6889570741608614,1.953493533574144,1.448694440279019,2.0643743793926665,2.2973372598333617,-0.6828599745225837,-0.49372746763354214,-0.5487103193298873
['data' 'LabeledDB_new' 'Mech' '323' 'normalized_v2.ply'],2.678549828398096,-0.6906004421222679,1.9945385641866156,1.6379008307862237,2.0667566784139364,2.7893845576577316,-0.6829347491353615,-0.49396083590848566,-0.5487293999599822
['data' 'LabeledDB_new' 'Mech' '324' 'normalized_v2.ply'],1.3386677668581168,-0.6812351366464255,1.7741493950893805,0.8056629167238661,1.6126557195933804,-0.07793849747305556,-0.6706263786686121,-0.5451482840137218,-0.48157822464572536
['data' 'LabeledDB_new' 'Mech' '325' 'normalized_v2.ply'],2.1226737651004197,-0.6752402073125421,1.6485974118743123,2.6393081125372198,2.0262922599124673,1.6249419008189336,-0.6775642064641015,-0.474252150436245,-0.5489093808926726
['data' 'LabeledDB_new' 'Mech' '326' 'normalized_v2.ply'],2.5139515419778973,-0.6972417748876297,2.1721003664216347,2.839446989256801,1.952037064521708,2.633136695504686,-0.6508294477034781,-0.5076517724562863,-0.47512689814240167
['data' 'LabeledDB_new' 'Mech' '327' 'normalized_v2.ply'],1.1597693849228459,-0.6773736602918214,1.6920231844420228,1.2413372324692482,2.0166697779897222,0.4233788011914806,-0.6377766162856174,-0.5547589215315022,-0.38157969423190546
['data' 'LabeledDB_new' 'Mech' '328' 'normalized_v2.ply'],2.7416923445196257,-0.6932367728970259,2.0627015539644016,1.9185054460215034,2.087645615857682,2.9608886461755963,-0.6830254196891103,-0.49533851168966264,-0.5481662333207453
['data' 'LabeledDB_new' 'Mech' '329' 'normalized_v2.ply'],2.739246648264599,-0.6894507346973332,1.9657102190298599,2.6032388976823166,2.0734036972273517,2.9614854406396782,-0.682753489303563,-0.49314101701259544,-0.5488180020756837
['data' 'LabeledDB_new' 'Mech' '330' 'normalized_v2.ply'],2.50593628863075,-0.6886292991100557,1.9454348366205214,1.4953931997632166,2.0672326493067814,2.4865589001290145,-0.6831500090208629,-0.49513806602687654,-0.5485141837075993
['data' 'LabeledDB_new' 'Mech' '331' 'normalized_v2.ply'],2.3126040590469543,-0.636453995635575,1.0402242370066823,1.8822887262073897,1.7392786691455153,2.155992171894553,-0.6704658720551732,-0.45412130843869675,-0.5464646172033032
['data' 'LabeledDB_new' 'Mech' '332' 'normalized_v2.ply'],2.0499285264145817,-0.6906734932803902,1.9963883256373491,2.773158110497696,1.9468670256271425,1.9448407973632347,-0.6710260370076649,-0.45274445987136364,-0.5479878100900545
['data' 'LabeledDB_new' 'Mech' '333' 'normalized_v2.ply'],2.32450229332212,-0.6333684994787232,1.002994776734943,1.2710257245723495,1.7343471940081585,2.174112680248712,-0.6710731081318431,-0.4536401976363899,-0.5476607261569699
['data' 'LabeledDB_new' 'Mech' '334' 'normalized_v2.ply'],2.1097758740739727,-0.6761814825106451,1.6675920329155405,2.4339340365000335,2.0017716890366986,2.6610213922820294,-0.6509241895285741,-0.5556053273046069,-0.4156158738996335
['data' 'LabeledDB_new' 'Mech' '335' 'normalized_v2.ply'],2.460208600489667,-0.6875057810611795,1.918126812094214,1.445216198049844,2.058160464902796,2.2923066283518496,-0.6826818426709366,-0.49300867560348977,-0.54875136984946
['data' 'LabeledDB_new' 'Mech' '336' 'normalized_v2.ply'],0.7827424508109051,-0.698523900729611,2.208714389282489,0.8694154083308853,1.6622110992383647,0.07259817772154434,-0.6782457607169987,-0.47723607610394464,-0.5486505484037535
['data' 'LabeledDB_new' 'Mech' '337' 'normalized_v2.ply'],1.8842545417683045,-0.7143646325985601,2.7381822552296735,2.5737986100560732,1.987747758700473,0.6178992862326305,-0.6404044006912872,-0.5117890524183167,-0.4493144257767563
['data' 'LabeledDB_new' 'Mech' '338' 'normalized_v2.ply'],1.677177354333149,-0.7032293645660903,2.350299125982724,1.2571206200045166,2.003407597349877,0.6822213197943301,-0.683692233355165,-0.5045095686200282,-0.5443472288362071
['data' 'LabeledDB_new' 'Mech' '339' 'normalized_v2.ply'],2.332368947894051,-0.6364538373823014,1.0402222945017907,2.190502764151869,1.7385332668290785,2.154805935725155,-0.6706796630532124,-0.45268959420541743,-0.5474572934092435
['data' 'LabeledDB_new' 'Mech' '340' 'normalized_v2.ply'],1.7735129962553866,-0.6761815552984392,1.667593511721659,2.0743115461084165,1.9999739641775702,1.8257989703361657,-0.6506925114692912,-0.5543445414581937,-0.4170509401455958
['data' 'LabeledDB_new' 'Octopus' '121' 'normalized_v2.ply'],-0.7021659368845391,-0.20195719414095353,-0.5120275265595702,-0.8137316974534455,-0.7620688701359299,-0.6440467141256452,-0.5109027641151792,-0.37083560683268463,-0.3820011620908645
['data' 'LabeledDB_new' 'Octopus' '122' 'normalized_v2.ply'],-0.5566715600764776,-0.059184030333072124,-0.6324312432502961,-0.9070565851625607,-1.0027339382071576,0.0027798356572754142,-0.4924464346057004,-0.5115520330051234,-0.14016475482798804
['data' 'LabeledDB_new' 'Octopus' '123' 'normalized_v2.ply'],0.29424334404736846,-0.39615981987311355,-0.21643406030000742,-0.7360087176025828,-0.6408451019222684,-0.19575757623506113,-0.6774213529865923,-0.5456990476116268,-0.49821981289883394
['data' 'LabeledDB_new' 'Octopus' '124' 'normalized_v2.ply'],-1.108291629085698,-0.03785260199613368,-0.6466210076797526,-1.1998519038791193,-1.4479159248214832,0.349184059015099,-0.5820385806848407,-0.4841672498364156,-0.3689267466745791
['data' 'LabeledDB_new' 'Octopus' '125' 'normalized_v2.ply'],-0.4059612263088579,-0.42064542545548594,-0.15848833834685103,-0.9826866725089062,-1.033112655080078,-0.07021650506733189,-0.44209178380292324,-0.2535143809672418,-0.392937391732925
['data' 'LabeledDB_new' 'Octopus' '126' 'normalized_v2.ply'],-0.7517220328248988,0.4676419083585618,-0.8447473218264528,-1.1324847314731212,-1.3678552296832551,-0.0701450655087813,-0.48283192702195127,-0.5259021945611883,-0.07663527580858741
['data' 'LabeledDB_new' 'Octopus' '127' 'normalized_v2.ply'],-0.054177233838361503,-0.1647258809964343,-0.5485228429368613,-0.7996359222408157,-0.8841499130904186,0.051793058721812044,-0.6089037027060078,-0.5272196200763503,-0.35922225486373044
['data' 'LabeledDB_new' 'Octopus' '128' 'normalized_v2.ply'],-0.7824487185636143,0.029263206807870645,-0.6865886041464506,-0.969511287447023,-1.1240793569885243,-0.7621480293847968,-0.4119009575190328,-0.42512854836974584,-0.18481876284513257
['data' 'LabeledDB_new' 'Octopus' '129' 'normalized_v2.ply'],-0.5550173477493764,-0.44079150741840384,-0.10512329355577318,-0.8450339553397872,-1.0156049762303196,1.4993425605735684,-0.5030079592214928,-0.46699419871887143,-0.25574583635688497
['data' 'LabeledDB_new' 'Octopus' '130' 'normalized_v2.ply'],-0.5815430556806501,-0.4084320506096218,-0.18826436482382103,-0.9243431907206607,-0.9943240457248922,0.8430794633511675,-0.5281721882186285,-0.49863209547357407,-0.24284720598531037
['data' 'LabeledDB_new' 'Octopus' '131' 'normalized_v2.ply'],0.04549618215778945,-0.27285749125983383,-0.42866276398554254,-0.8766550147611656,-0.8141321840406687,0.4266492907953882,-0.5886142113774909,-0.4676804231477916,-0.4004445256788521
['data' 'LabeledDB_new' 'Octopus' '132' 'normalized_v2.ply'],-0.5730768411678787,-0.515588989557434,0.15587149469975162,0.7732369079894608,0.25322118223486806,-0.6248435732962011,-0.3010406072672858,0.4297985748513621,-0.5041140447860202
['data' 'LabeledDB_new' 'Octopus' '133' 'normalized_v2.ply'],-0.30700474968272723,-0.37340499227208135,-0.2645209568304678,-0.7362837923584986,-0.6408361036923336,-0.7780408154963742,-0.6025643193522847,-0.49375475523613227,-0.3949540829241649
['data' 'LabeledDB_new' 'Octopus' '134' 'normalized_v2.ply'],-0.08075987275794225,-0.04766989472894994,-0.6401885142857517,-0.818600386475412,-0.9930824853419681,0.06761673601791106,-0.6546951885514599,-0.4331850080584453,-0.531829636506934
['data' 'LabeledDB_new' 'Octopus' '135' 'normalized_v2.ply'],0.48484614070770704,0.27245522510057196,-0.7900783669181697,-0.8056673888352336,-1.0176888710756755,0.07157514026285056,-0.683188869786629,-0.5233028788044106,-0.5311508038841536
['data' 'LabeledDB_new' 'Octopus' '136' 'normalized_v2.ply'],-0.25552060456118686,-0.394311405821614,-0.2205344411737715,-0.7569649800170601,-0.5848606493894265,-0.7585830039948726,-0.6359878766468126,-0.4722960176953491,-0.4775988643774372
['data' 'LabeledDB_new' 'Octopus' '137' 'normalized_v2.ply'],-0.5629384145643409,-0.3783363582628008,-0.25452522640142733,-1.0086927890511423,-1.081163306968932,0.8261135735443239,-0.651013212143977,-0.5306693906319407,-0.4509776023426687
['data' 'LabeledDB_new' 'Octopus' '138' 'normalized_v2.ply'],-0.2254063775313635,-0.4905009187670573,0.05491307112233817,-0.7153742678063572,-0.8919769722242069,1.7223631003696518,-0.609951246018818,-0.37314126878753884,-0.5007024161788253
['data' 'LabeledDB_new' 'Octopus' '139' 'normalized_v2.ply'],-0.6350122909889491,-0.06351594654772472,-0.6294512026996832,-0.9224188517049892,-0.9298793146679757,0.09967008043893226,-0.3015575110857804,-0.5239790059958056,0.3223042968318836
['data' 'LabeledDB_new' 'Octopus' '140' 'normalized_v2.ply'],-0.5815324061006513,-0.20469908424511857,-0.5091637527238262,-0.9887447436410356,-1.0153379271686176,-0.20059925669671555,-0.5163141846978937,-0.5191313593522754,-0.17084016214283876
['data' 'LabeledDB_new' 'Plier' '201' 'normalized_v2.ply'],-0.794706282824603,-0.22978865472189133,-0.4817122769012231,0.04454277886106613,-0.28392750493868285,-0.07153634184069814,1.911816827864269,-0.3161409170630896,2.0966311355794414
['data' 'LabeledDB_new' 'Plier' '202' 'normalized_v2.ply'],-0.7715315403371885,-0.22074387262278866,-0.49187579824388233,-0.02492286366509428,-0.3770108719918814,0.31557482565101846,1.8163068606803194,-0.3866063685121511,2.5863833548730386
['data' 'LabeledDB_new' 'Plier' '203' 'normalized_v2.ply'],-0.7380936858289109,-0.2122308796502068,-0.5011630331747402,-0.06977875793784946,-0.4381815611850809,0.6559543463171821,1.7529520668046612,-0.4427538751759485,3.1849615795498507
['data' 'LabeledDB_new' 'Plier' '204' 'normalized_v2.ply'],-0.8773413228150636,-0.2382339277611853,-0.4719345584992924,-0.0914471358744675,-0.5235651295611816,-0.7826547154829885,2.977744177298928,-0.06589916357076506,1.690061575576334
['data' 'LabeledDB_new' 'Plier' '205' 'normalized_v2.ply'],-0.7781531155081662,-0.209482041607563,-0.5041060831453721,0.12821888105162418,-0.4393682944788604,0.243771038982946,1.9873992305678227,-0.35045451230531666,2.449956388962311
['data' 'LabeledDB_new' 'Plier' '206' 'normalized_v2.ply'],-0.7193979059245608,-0.1982470785927872,-0.5158620168943253,-0.11363139329613246,-0.4918832817073727,0.92613074660242,1.6779522425032927,-0.4908647992930891,3.908910005322205
['data' 'LabeledDB_new' 'Plier' '207' 'normalized_v2.ply'],-0.667711734675587,-0.19011597439530759,-0.5241064126471278,-0.0933192913462155,-0.5280639732123893,1.5966007566674554,1.5907823676073194,-0.5335302916608247,4.84280865183227
['data' 'LabeledDB_new' 'Plier' '208' 'normalized_v2.ply'],-0.6014546673979405,-0.1620089423477777,-0.5510231007874656,-0.18331487247059092,-0.5933805606642604,2.379205006218651,1.6317629999913903,-0.5338078839026519,4.948617857528858
['data' 'LabeledDB_new' 'Plier' '209' 'normalized_v2.ply'],-0.6575994159735652,-0.16683841879721284,-0.5465642948056081,-0.19380413159351928,-0.6108791874327555,1.7181814578805146,2.1038255049739836,-0.4541746304027547,3.925981042287689
['data' 'LabeledDB_new' 'Plier' '210' 'normalized_v2.ply'],-0.7306204905345017,-0.1981811541786629,-0.5159297340827951,-0.16663815278558586,-0.579969490353972,0.7065458532671454,2.1593607867623663,-0.35667431598950106,2.705101350216664
['data' 'LabeledDB_new' 'Plier' '211' 'normalized_v2.ply'],-0.8170847967154043,-0.20946283270245003,-0.5041265551666695,-0.09067632362108843,-0.5486367333741264,-0.22340319955639035,2.6965772804041896,-0.23479288946949742,2.293557659441678
['data' 'LabeledDB_new' 'Plier' '212' 'normalized_v2.ply'],-0.9198687753130057,-0.284409652138833,-0.4129682494793967,0.08134434884629956,-0.3684066863672777,-0.7821997495371764,2.9989090708179464,0.4319088187135602,0.6678607149982979
['data' 'LabeledDB_new' 'Plier' '213' 'normalized_v2.ply'],-0.9514716207537952,-0.2251546777380795,-0.48695837522992497,0.8608568712495824,0.19141469658619414,-0.7829447107058993,3.381683706885628,0.9749062898382719,0.3302968058056329
['data' 'LabeledDB_new' 'Plier' '214' 'normalized_v2.ply'],-0.9221519228739862,-0.2320221014228693,-0.4791540110568979,0.568677157002746,-0.058026357513979256,-0.7833552089238701,2.879077618107503,0.3500370533623363,0.7251340565126309
['data' 'LabeledDB_new' 'Plier' '215' 'normalized_v2.ply'],-0.8793439414530944,-0.2217312907938526,-0.49078132086849796,0.4528085403290607,-0.17313483153769443,-0.7834441474981804,2.53543057891803,0.07622027649903801,1.033473418455175
['data' 'LabeledDB_new' 'Plier' '216' 'normalized_v2.ply'],-0.8619333131895945,-0.21753346076706648,-0.49540928447519844,0.3214230456377408,-0.2733424047124102,-0.7828996049821145,2.3736260032203167,-0.08528297121349646,1.369822418651522
['data' 'LabeledDB_new' 'Plier' '217' 'normalized_v2.ply'],-0.7258623648328062,-0.17887793695274345,-0.5351539858001292,0.11733952582985065,-0.5065933669668702,0.9647575941846183,1.8311105268196133,-0.45019223218130555,3.4214244133682796
['data' 'LabeledDB_new' 'Plier' '218' 'normalized_v2.ply'],-0.6264963771046002,-0.15482363368618285,-0.5575361624236185,0.037678764940504934,-0.57827831776329,2.174242093143576,1.553434508923164,-0.5226904472237625,4.431996689973699
['data' 'LabeledDB_new' 'Plier' '219' 'normalized_v2.ply'],-0.7543084761074356,-0.0690209005911131,-0.6256142493658919,-0.45468709041924965,-0.5734228255091605,1.7014814248383991,2.7040286181744486,-0.34535150037632595,3.2111069528243044
['data' 'LabeledDB_new' 'Plier' '220' 'normalized_v2.ply'],-0.7533662601715376,-0.05902622366792029,-0.6325391577799293,-0.3472922663028348,-0.49157670151331856,1.5871230931672309,2.913379528097063,-0.22606687136638182,2.4225949134298066
['data' 'LabeledDB_new' 'Table' '141' 'normalized_v2.ply'],0.5462229734418631,1.9641880779612149,-1.0087431417826112,-0.6798588313360852,-1.0328445744366719,1.6637217088062972,-0.49043576844439835,-0.36435252427386716,-0.363029216919061
['data' 'LabeledDB_new' 'Table' '142' 'normalized_v2.ply'],-0.27535283501096064,2.974289125114771,-1.0462073917382502,-0.3316913398045076,-0.7675167635064636,-0.7690439628125583,2.180134896585631,-0.1221606992318399,1.364272062954895
['data' 'LabeledDB_new' 'Table' '143' 'normalized_v2.ply'],-0.33905429658618225,2.772775947878351,-1.0404178751597861,-0.38900498185552806,-0.6766701691360548,-0.7715484859296392,3.7784567176001826,-0.17920908277775124,2.8123490512697122
['data' 'LabeledDB_new' 'Table' '144' 'normalized_v2.ply'],0.30512657066404647,2.9965502348700044,-1.0468094078561176,-0.512714550564918,-0.8356103401741586,-0.7493595756683163,1.0700125983905957,-0.4979984544388393,2.878757617352026
['data' 'LabeledDB_new' 'Table' '145' 'normalized_v2.ply'],1.0848672292270538,1.5873151558002703,-0.9866942797608704,-0.8744227597694589,-1.2228763278124766,3.0179072397725872,-0.656650664561755,-0.5554354327572149,-0.43139299008943505
['data' 'LabeledDB_new' 'Table' '146' 'normalized_v2.ply'],1.3850344660765506,0.5897008234029705,-0.8712123456129517,-0.559454695047323,-0.9016692236491812,1.4622956519762622,-0.6588730634015846,-0.5550647291754477,-0.43796143374135815
['data' 'LabeledDB_new' 'Table' '147' 'normalized_v2.ply'],0.8366982586769637,0.386309721463101,-0.8241266415811662,-0.4355059727536853,-0.7983711682769402,0.15810703301308196,-0.36330658910132113,-0.55479422280979,0.35811835130385355
['data' 'LabeledDB_new' 'Table' '148' 'normalized_v2.ply'],0.8551564789470512,1.327067783457539,-0.9669395889534582,-0.32740042298370564,-0.7033840156889635,-0.7395565270534026,-0.07783911642586061,-0.5546234574726466,1.1253502444057322
['data' 'LabeledDB_new' 'Table' '149' 'normalized_v2.ply'],0.694516355512837,1.0746431968929033,-0.942579769936589,-0.3675657270604633,-0.6669896153582346,-0.7384983823614559,0.28687899252537413,-0.5543616834765733,2.102238681074138
['data' 'LabeledDB_new' 'Table' '150' 'normalized_v2.ply'],0.43959352708274707,1.342562734735752,-0.9682492054512236,-0.9547401807804736,-1.2032589605130175,2.397465311591035,-0.6571422722317012,-0.40201976672833767,-0.548382745539789
['data' 'LabeledDB_new' 'Table' '151' 'normalized_v2.ply'],0.9651876465641843,1.411047182796519,-0.9738190544943447,-0.5080179045827533,-0.953929751413171,2.5938996474907605,-0.3931763918897203,-0.5542675316643862,0.27433865667704843
['data' 'LabeledDB_new' 'Table' '152' 'normalized_v2.ply'],-0.19959576821572977,0.6809992950595006,-0.8881843098851532,-0.5164772367301408,-1.0434456161572496,0.4112543755391812,-0.2609549569264414,0.29982212226777094,-0.4677196020141376
['data' 'LabeledDB_new' 'Table' '153' 'normalized_v2.ply'],0.5997405933967802,2.0152092853841577,-1.011276804231286,-0.48660396306008274,-0.9368295775929402,2.2919103862841714,0.030755419551717147,-0.45113983934198504,0.5690909904694054
['data' 'LabeledDB_new' 'Table' '154' 'normalized_v2.ply'],0.931175215631113,0.8340616746315653,-0.912421161464547,-0.410107334021698,-0.8467959097249363,2.2116208222599507,-0.4039467443009835,-0.5551395651841153,0.25070382049279055
['data' 'LabeledDB_new' 'Table' '155' 'normalized_v2.ply'],0.4355818966412142,1.774195512620635,-0.9984300052737983,-0.7510766514639172,-0.9454699797952338,-0.747849682491834,-0.5516039804536829,-0.4352250803439427,-0.37635009595689967
['data' 'LabeledDB_new' 'Table' '156' 'normalized_v2.ply'],0.0027023944478796634,2.1620411740627707,-1.0180837099810744,-0.7519845135720765,-1.220487460204636,1.3205503666580678,-0.10717386017234949,-0.13787456680607513,-0.20901382565141804
['data' 'LabeledDB_new' 'Table' '157' 'normalized_v2.ply'],0.7871962432995221,0.7209222139346495,-0.8949716718033867,-0.46757880659520346,-0.700756696413144,-0.6302905541642051,-0.28661927443568813,-0.5538033208675734,0.5567198393170638
['data' 'LabeledDB_new' 'Table' '158' 'normalized_v2.ply'],1.1693587106679748,1.8325128694467865,-1.0017530269349302,-0.8766558733422866,-1.2362355743975801,5.011551518134032,-0.6531757475470975,-0.4352601999373626,-0.5285581536572754
['data' 'LabeledDB_new' 'Table' '159' 'normalized_v2.ply'],1.0317877396297392,2.5466149222334984,-1.0330935287150556,-0.6049494517760016,-0.8761535788309043,3.5982557270750393,-0.2862841878016587,-0.5181979324099119,0.3248936896395725
['data' 'LabeledDB_new' 'Table' '160' 'normalized_v2.ply'],-0.15196375997992528,3.457320882841509,-1.0578613292682508,-0.8936795049072317,-1.243977881608802,0.9321873252760097,-0.2663105771279713,-0.43481002668918306,0.05012287510378001
['data' 'LabeledDB_new' 'Teddy' '161' 'normalized_v2.ply'],0.4401406590369617,-0.6173563493843379,0.8284774235495581,0.9313125539790793,0.91989479403891,0.5882822233685936,-0.4373254092068716,-0.43012755858793844,-0.2135451939810034
['data' 'LabeledDB_new' 'Teddy' '162' 'normalized_v2.ply'],-0.08287676061060832,-0.6360899096640031,1.0357643053147798,0.5520426390992499,0.9105093116980156,-0.4281626397751091,-0.4555318612841219,-0.23007540906960774,-0.4176050856285386
['data' 'LabeledDB_new' 'Teddy' '163' 'normalized_v2.ply'],0.010740950281721909,-0.62353745468952,0.8923834092516438,0.6119051990566898,0.7850167130286793,-0.13357778570790113,-0.39189148484947545,-0.22334872678263687,-0.3676169074896171
['data' 'LabeledDB_new' 'Teddy' '164' 'normalized_v2.ply'],0.39362718640805666,-0.6249300181094973,0.907355230223284,0.7773592255723091,0.857513742757045,0.6458349279860145,-0.46725910026884815,-0.38991870580301424,-0.3091000562061927
['data' 'LabeledDB_new' 'Teddy' '165' 'normalized_v2.ply'],-0.05119258267499069,-0.6303925181380009,0.9682668251504877,0.8957635879299551,0.8410444981164246,-0.26933939635914067,-0.39731140647887686,-0.20309523078002037,-0.38382201657262327
['data' 'LabeledDB_new' 'Teddy' '166' 'normalized_v2.ply'],0.06760407477864509,-0.6170417265172196,0.8253313912803346,0.32086816708454724,0.5150927242875326,-0.06460560463804323,-0.4744466395339071,-0.30289250674242957,-0.3925237343825979
['data' 'LabeledDB_new' 'Teddy' '167' 'normalized_v2.ply'],0.19714347673832341,-0.6146233684080086,0.8014794247858011,0.19244177044988037,0.4723662607720982,0.025736026979908504,-0.5420631563890167,-0.2972430850055353,-0.463257667573909
['data' 'LabeledDB_new' 'Teddy' '168' 'normalized_v2.ply'],0.009687248471265954,-0.6299429357720268,0.9631176674200926,0.7149697309908897,0.8762754818706234,-0.08093312809861142,-0.4181416584225689,-0.33231092457387706,-0.3102631281036289
['data' 'LabeledDB_new' 'Teddy' '169' 'normalized_v2.ply'],0.18092149046654105,-0.592970021066689,0.6110867866870976,0.5008554723842675,0.6525802282282634,-0.02153230518999939,-0.3042990598792718,-0.4190888441446133,-0.04273904005080895
['data' 'LabeledDB_new' 'Teddy' '170' 'normalized_v2.ply'],0.14567346988653018,-0.5951286012887244,0.6283825170260142,0.4588200882963315,0.6750102864349647,-0.11568274187533974,-0.369282649638852,-0.4965134911045235,0.06115535647172808
['data' 'LabeledDB_new' 'Teddy' '171' 'normalized_v2.ply'],-0.05364598220219446,-0.5929031998206105,0.6105567470487596,0.24258182617196875,0.38495399338473224,-0.11324478333984868,-0.5517533959492733,-0.20359175695354104,-0.508000079863645
['data' 'LabeledDB_new' 'Teddy' '172' 'normalized_v2.ply'],-0.07373292633149109,-0.6393972979316481,1.0769584347362027,0.8442474347764661,0.9723314894030404,-0.6065765021336835,-0.4654633275149033,-0.1687821940261097,-0.45291252208109717
['data' 'LabeledDB_new' 'Teddy' '173' 'normalized_v2.ply'],0.18729328808026346,-0.611400048020264,0.7705698744955173,0.7536476095517594,0.6549983926440306,0.2779824222454965,-0.5615038702286195,-0.1567023882091681,-0.5282653780369317
['data' 'LabeledDB_new' 'Teddy' '174' 'normalized_v2.ply'],-0.1394295532627225,-0.6032133547337689,0.6962976649511586,-0.0924590735635355,0.2355612538493799,0.2536647233410407,-0.45220431849044196,-0.27944615067329315,-0.3861997591712708
['data' 'LabeledDB_new' 'Teddy' '175' 'normalized_v2.ply'],-0.07518220137160105,-0.6212905803785396,0.8686809230382535,0.6591533490910012,0.6825464267795136,0.11406783232129325,-0.4253290065339118,-0.24557994407498632,-0.38282488951398175
['data' 'LabeledDB_new' 'Teddy' '176' 'normalized_v2.ply'],0.5569072750338271,-0.5944944036192045,0.6232658205154449,0.22478362248587153,0.3842036418221575,1.0481322000014477,-0.5610071673081243,-0.3451153924292875,-0.4582206849991681
['data' 'LabeledDB_new' 'Teddy' '177' 'normalized_v2.ply'],0.1422493521935107,-0.6035779584274642,0.6994829833932097,0.24946574527947424,0.5432840794214392,-0.3900969420662663,-0.5433656705078834,-0.28318585710535604,-0.4710963663481895
['data' 'LabeledDB_new' 'Teddy' '178' 'normalized_v2.ply'],0.16637999099592551,-0.6233656738397243,0.8905516371443144,0.41710836959674574,0.6612847897022545,0.6811021725108379,-0.4980744261071833,-0.31285351109191345,-0.41005116369757005
['data' 'LabeledDB_new' 'Teddy' '179' 'normalized_v2.ply'],0.27463497262060627,-0.6118315260325718,0.7746505640952273,0.2684182675792709,0.6357186659827456,0.06727828737626793,-0.4906956212317767,-0.3209297064142644,-0.39700774341592016
['data' 'LabeledDB_new' 'Teddy' '180' 'normalized_v2.ply'],-0.12411397314153272,-0.6202203687471527,0.8575835930656562,0.612838356104835,0.7659923394775222,-0.06649797954337902,-0.28723985520796474,-0.13484942143552728,-0.3390073791590575
['data' 'LabeledDB_new' 'Vase' '361' 'normalized_v2.ply'],0.2685918292121632,-0.5016331091075785,0.09771462898840674,0.5511548754796967,0.638481510857113,-0.6701823772680902,-0.5927149625255222,-0.1927120282499283,-0.543554824835142
['data' 'LabeledDB_new' 'Vase' '362' 'normalized_v2.ply'],0.14860659143028618,-0.5355739892328403,0.24927492797098744,0.35485591531692423,0.5277132570437942,0.04971407995845394,-0.43922418208821373,0.3041779229665705,-0.5398998247585604
['data' 'LabeledDB_new' 'Vase' '363' 'normalized_v2.ply'],-0.4654389439975613,-0.6916133300254577,2.0203819865521324,1.0607305801800546,1.1360322256511053,-0.7243435725878331,-0.3460852568587714,0.6960907207243492,-0.5468950411338992
['data' 'LabeledDB_new' 'Vase' '364' 'normalized_v2.ply'],0.48026193054820443,-0.4839001257919362,0.03089398276334187,-0.13411497460141783,0.22708880582786736,-0.7682398599554489,-0.619861212902479,-0.43534165174944767,-0.47856812934358456
['data' 'LabeledDB_new' 'Vase' '365' 'normalized_v2.ply'],1.6996850550571412,-0.7215551406037166,3.0378651736333064,1.6732156083898746,2.0002297591117033,-0.33289867359551756,-0.6679501302494765,-0.5418637240487889,-0.47855726095297413
['data' 'LabeledDB_new' 'Vase' '366' 'normalized_v2.ply'],0.14176542570920553,-0.6816871145166965,1.7840735241755232,1.0862014678281044,1.292682065063107,-0.461654487437647,-0.530421728399578,-0.10386616100712255,-0.5190373637127578
['data' 'LabeledDB_new' 'Vase' '367' 'normalized_v2.ply'],0.12082478173983621,-0.7202679871662203,2.9808707386344424,0.9883578816638927,1.7196288540112041,-0.721694866759579,-0.6465429502109168,-0.4592039123041816,-0.5047392895748278
['data' 'LabeledDB_new' 'Vase' '368' 'normalized_v2.ply'],0.46385931536183017,-0.7273496755784838,3.315214496108402,1.0724372321407347,1.9395524084079396,-0.5769600178390044,-0.6738595489981627,-0.47660810861421066,-0.5411928649126069
['data' 'LabeledDB_new' 'Vase' '369' 'normalized_v2.ply'],0.7075343016419722,-0.7049088864823877,2.40377046779956,1.4021072710770488,1.5173147384607055,0.2158651409038139,-0.6231645014994225,-0.3146333692657257,-0.5384080206316533
['data' 'LabeledDB_new' 'Vase' '370' 'normalized_v2.ply'],0.3173500283406304,-0.726322364317075,3.263394845839074,1.2143436706246875,1.6760394911050898,-0.5911819593796134,-0.6366054868036323,-0.3310086671631003,-0.5475662697404297
['data' 'LabeledDB_new' 'Vase' '371' 'normalized_v2.ply'],0.6282321583272287,-0.7271695227461616,3.3060394038423073,1.453874848074722,1.6627242887761415,-0.10373078036087993,-0.6236083030871354,-0.28035976356202746,-0.5487218150974982
['data' 'LabeledDB_new' 'Vase' '372' 'normalized_v2.ply'],0.2856645089393928,-0.6989213866910882,2.2202299933350016,0.6514052249122391,1.2767170804345402,0.1128514232399387,-0.6371350659846866,-0.5162453354302733,-0.4373029895950843
['data' 'LabeledDB_new' 'Vase' '373' 'normalized_v2.ply'],-0.11102097727946919,-0.6824097336611893,1.8000808949534957,1.446428882693095,1.4811216427884468,-0.7141843994740901,-0.5039056756330057,0.11038351486207572,-0.5431818533499709
['data' 'LabeledDB_new' 'Vase' '374' 'normalized_v2.ply'],-0.24234642922056987,-0.6378052778484977,1.0569373895652403,1.619264714980242,1.2623149668030527,-0.6103217495142804,-0.33994193411557744,0.6300672687177442,-0.539399657926785
['data' 'LabeledDB_new' 'Vase' '375' 'normalized_v2.ply'],-0.3335550371282481,-0.657749033377418,1.3370496925175068,0.36843268347154035,1.0729530043807989,-0.6659875594471307,-0.5719640841778855,-0.4562640626900747,-0.38534751330464695
['data' 'LabeledDB_new' 'Vase' '376' 'normalized_v2.ply'],0.39828012327267576,-0.6593660088163463,1.3629099493672496,1.2330500582315496,1.9594261094079994,-0.782756562461637,-0.5749529208886309,-0.5106243414151833,-0.3143670114032038
['data' 'LabeledDB_new' 'Vase' '377' 'normalized_v2.ply'],0.01550059508421892,-0.6806425927658464,1.7612401172104062,0.9782261810529352,1.526322545271082,-0.6696137188245492,-0.5417145374369002,-0.3611412179234743,-0.4260890305115167
['data' 'LabeledDB_new' 'Vase' '378' 'normalized_v2.ply'],0.47777169260136026,-0.6864705924978959,1.893388859734878,0.589079608794603,1.2112687379506508,0.8954565114681992,-0.6332854531372999,-0.5289559291523835,-0.41227952762657066
['data' 'LabeledDB_new' 'Vase' '379' 'normalized_v2.ply'],0.09201976630114019,-0.7225597830777283,3.083455096102811,0.9712041400190146,1.7244807053106184,-0.7332077444658888,-0.6485527846943205,-0.46567521624952835,-0.5039073081104297
['data' 'LabeledDB_new' 'Vase' '380' 'normalized_v2.ply'],0.8440745070578151,-0.47624874885474505,0.0042239848469064105,0.5760471606267956,1.213853141493877,-0.5840058181402502,-0.5959786522411831,-0.2839491058510674,-0.5212474804610211
